20200102,937500,949004,932074,949004,80580000
20200103,932249,943099,932249,937484,75288000
20200106,930000,951845,930000,951439,81236000
20200107,952249,956945,946019,953430,80898000
20200108,949020,955500,943219,945985,70160000
20200109,954944,958909,947900,950524,63346000
20200110,952685,953470,940000,941579,57074000
20200113,945654,949000,940400,945650,55616000
20200114,942939,943554,929274,934720,68818000
20200115,936125,939430,927545,931009,57932000
20200116,941494,942795,933010,938970,53190000
20200117,942945,943320,928625,932360,79946000
20200121,932500,947135,930000,945999,74156000
20200122,948044,951250,941669,943730,64326000
20200123,942555,944990,936380,942289,49692000
20200124,945684,947494,923720,930820,75324000
20200127,910000,920500,907669,914169,70570000
20200128,920250,929055,915009,926624,56160000
20200129,931999,937375,927509,929000,41760000
20200130,929000,936435,925305,935339,126548000
20200131,1025735,1027860,1001135,1004359,311346000
20200203,1005299,1024250,1000124,1002099,117834000
20200204,1014940,1029899,1007685,1024834,105786000
20200205,1035510,1035510,1015999,1019934,87524000
20200206,1020510,1028150,1012399,1025114,63660000
20200207,1020995,1049264,1019049,1039639,101906000
20200210,1042505,1067799,1042480,1066955,101124000
20200211,1075449,1092975,1068000,1075400,114920000
20200212,1081600,1090124,1077645,1080000,66686000
20200213,1072494,1085139,1070999,1074934,60636000
20200214,1077839,1079520,1062945,1067434,52124000
20200218,1062509,1083034,1062054,1077835,58912000
20200219,1083899,1092549,1080559,1085110,51224000
20200220,1086535,1088395,1063724,1076549,62626000
20200221,1071074,1072275,1044000,1047985,92926000
20200224,1001589,1019649,993984,1004645,130940000
20200225,1013209,1017300,979209,986370,124382000
20200226,985139,1007334,980224,989794,104492000
20200227,967190,987500,941380,942149,162880000
20200228,907314,944879,905565,941875,189620000
20200302,953245,977255,935000,976975,135234000
20200303,987685,998164,944045,954495,150690000
20200304,973284,989000,960999,987914,95458000
20200305,966500,980360,955000,962014,94964000
20200306,937500,955435,934749,950544,105472000
20200309,886930,931384,880644,900305,156264000
20200310,935439,947135,909085,945910,142666000
20200311,928925,935660,900749,910429,112496000
20200312,860989,882500,837500,838304,226924000
20200313,877500,893154,840309,892500,176194000
20200316,820755,879725,813014,844574,178346000
20200317,887734,928889,844619,903919,218342000
20200318,875000,920830,872500,915000,192904000
20200319,930000,972500,916324,940465,207998000
20200320,963154,978499,910364,923044,196358000
20200323,913874,959700,905999,951415,156170000
20200324,975749,977500,950169,970049,142942000
20200325,960345,975130,942890,942919,129582000
20200326,950999,978245,944645,977744,124426000
20200327,965429,969895,949960,950049,107758000
20200330,961415,986815,956169,981975,122522000
20200331,982174,996510,972005,974860,102472000
20200401,966484,972480,946500,953850,82438000
20200402,950820,963765,945000,959414,86720000
20200403,955575,963164,944574,953294,72198000
20200406,968000,999260,965009,998795,115464000
20200407,1008554,1017860,998809,1005800,102280000
20200408,1010500,1021999,1005575,1021500,79546000
20200409,1022149,1026500,1008830,1021380,92930000
20200413,1020000,1090000,1019000,1084434,134334000
20200414,1100234,1145999,1093105,1141660,161744000
20200415,1128840,1166685,1122500,1153840,137332000
20200416,1173000,1230500,1167500,1204095,240764000
20200417,1186165,1200000,1158010,1187500,158600000
20200420,1194974,1222490,1193024,1196804,115414000
20200421,1208304,1214154,1139830,1164059,149534000
20200422,1184499,1196999,1175500,1181744,84244000
20200423,1199990,1212109,1191039,1199725,101332000
20200424,1208499,1210214,1190999,1205110,76498000
20200427,1221600,1222440,1181500,1188000,112912000
20200428,1186050,1186750,1153000,1157040,105388000
20200429,1165005,1195944,1155000,1186354,91832000
20200430,1209919,1237500,1198004,1236999,190692000
20200501,1168399,1181220,1129095,1143020,195452000
20200504,1128190,1163489,1128190,1157994,97318000
20200505,1170000,1175500,1153564,1158899,64850000
20200506,1164720,1178724,1160000,1175630,62356000
20200507,1187389,1188000,1171555,1183805,67928000
20200508,1186070,1193619,1178499,1189804,64132000
20200511,1187350,1209834,1186054,1204499,65184000
20200512,1205924,1209499,1177500,1178475,61498000
20200513,1183399,1203850,1168899,1183960,95658000
20200514,1180504,1195684,1176604,1194424,72962000
20200515,1184260,1205500,1178184,1204889,84700000
20200518,1202174,1216500,1192005,1213130,87144000
20200519,1214915,1242500,1214485,1224664,86410000
20200520,1238935,1250005,1233635,1248970,79962000
20200521,1250000,1262724,1221269,1223369,102288000
20200522,1227505,1234925,1215065,1218440,57342000
20200526,1229000,1230999,1207030,1210930,71364000
20200527,1202494,1206790,1165000,1205195,101138000
20200528,1192164,1218485,1189114,1200550,63804000
20200529,1207969,1221184,1199100,1221184,70198000
20200601,1224000,1238464,1222085,1235520,58578000
20200602,1233499,1236764,1222655,1236204,50598000
20200603,1234004,1244000,1230585,1239199,53420000
20200604,1238714,1253769,1225005,1230299,58974000
20200605,1222255,1244325,1218564,1241500,66128000
20200608,1250100,1265000,1243669,1262030,79414000
20200609,1264720,1313215,1262500,1300429,103520000
20200610,1322500,1361174,1313130,1323724,98920000
20200611,1301750,1335690,1268115,1278980,116002000
20200612,1300605,1310740,1251675,1272509,108722000
20200615,1263300,1291999,1254000,1286340,77302000
20200616,1310000,1310000,1288000,1307635,71712000
20200617,1323750,1327500,1315910,1320489,59186000
20200618,1323504,1329819,1318054,1326990,49756000
20200619,1339040,1348715,1329499,1337505,115540000
20200622,1342250,1357500,1334499,1356909,64176000
20200623,1363009,1391555,1359019,1382205,84634000
20200624,1390000,1398000,1360500,1367200,90532000
20200625,1369774,1378114,1356069,1377290,59374000
20200626,1387530,1391284,1343999,1346434,130016000
20200629,1345005,1348399,1315039,1340189,84468000
20200630,1342534,1384815,1337514,1379409,75394000
20200701,1378995,1447500,1376999,1439349,127268000
20200702,1456004,1477779,1435549,1445149,131868000
20200706,1467485,1529940,1465000,1528520,137612000
20200707,1529275,1534774,1495000,1500059,105150000
20200708,1511304,1541985,1506215,1540554,100752000
20200709,1557994,1596940,1536999,1591315,127774000
20200710,1595879,1607500,1567850,1600000,109720000
20200713,1625529,1672144,1534194,1551999,154408000
20200714,1544499,1563690,1475000,1541999,144638000
20200715,1540115,1549174,1486589,1504434,115778000
20200716,1485529,1516000,1459114,1499949,127884000
20200717,1504499,1511999,1474225,1480984,95226000
20200720,1500099,1600679,1497010,1598419,151964000
20200721,1616244,1620290,1552859,1569145,122426000
20200722,1562500,1575000,1532630,1549954,82084000
20200723,1549134,1549134,1485000,1493274,113138000
20200724,1465000,1515789,1443999,1504454,112648000
20200727,1531000,1548999,1507884,1527604,83410000
20200728,1527135,1538545,1497879,1500164,62534000
20200729,1515494,1519579,1498385,1516764,59482000
20200730,1506999,1546000,1502500,1525939,122566000
20200731,1621999,1623410,1575500,1582339,161710000
20200803,1590254,1591999,1551999,1555944,101494000
20200804,1550605,1583619,1550605,1569414,93886000
20200805,1571885,1606795,1563650,1602514,78330000
20200806,1597180,1623735,1582714,1612500,78812000
20200807,1612005,1620404,1570334,1583730,78722000
20200810,1585155,1586255,1550760,1574080,63346000
20200811,1556600,1579609,1536499,1540334,74362000
20200812,1553999,1587194,1550709,1581119,70442000
20200813,1591495,1608760,1577500,1580509,62980000
20200814,1589089,1589120,1560000,1574010,55034000
20200817,1586560,1597485,1577089,1591204,53824000
20200818,1606000,1660000,1602910,1656244,106920000
20200819,1651504,1657949,1628000,1630240,83702000
20200820,1626000,1656309,1618999,1648684,66650000
20200821,1647500,1657200,1637695,1642359,71518000
20200824,1655075,1690160,1628780,1653730,93326000
20200825,1647494,1678699,1633500,1673244,79856000
20200826,1675554,1725870,1672285,1720924,130174000
20200827,1725025,1726499,1688999,1700000,85296000
20200828,1711499,1716685,1693249,1700899,57940000
20200831,1704494,1747500,1702500,1725480,83718000
20200901,1744790,1756934,1733500,1749559,68644000
20200902,1773500,1776125,1743345,1765724,78630000
20200903,1742500,1744205,1651499,1683999,163222000
20200904,1658999,1690749,1555565,1647310,175636000
20200908,1571999,1625424,1565000,1574920,121884000
20200909,1601495,1651589,1592500,1634304,103774000
20200910,1653609,1674945,1585274,1587554,106614000
20200911,1604344,1608670,1541990,1558110,101880000
20200914,1586470,1593695,1548000,1551484,90592000
20200915,1568079,1587510,1554459,1578065,80430000
20200916,1589994,1593619,1537075,1539049,90244000
20200917,1504624,1514714,1486275,1504364,128982000
20200918,1515870,1518899,1452769,1477454,177852000
20200921,1453249,1481000,1435500,1480234,122358000
20200922,1516920,1566994,1500099,1564494,138976000
20200923,1560214,1563500,1496190,1499929,113054000
20200924,1488894,1534649,1482500,1509895,110588000
20200925,1527429,1550769,1499499,1547565,92304000
20200928,1574425,1587519,1558585,1587024,84484000
20200929,1587695,1594129,1566269,1572440,69916000
20200930,1570570,1606439,1566994,1574364,97922000
20201001,1603999,1611999,1586000,1610630,99438000
20201002,1576815,1597899,1561499,1562500,112262000
20201005,1572920,1601264,1570424,1599600,75506000
20201006,1582500,1591000,1545000,1549980,101738000
20201007,1567500,1600000,1566195,1597845,86188000
20201008,1612494,1616645,1587494,1595274,63482000
20201009,1605000,1644494,1598914,1643325,98158000
20201012,1674969,1748119,1669774,1721464,167284000
20201013,1733995,1746190,1712109,1721815,114894000
20201014,1723500,1732440,1670000,1681855,116254000
20201015,1646004,1677940,1640000,1669324,104468000
20201016,1681614,1699830,1580000,1636354,129488000
20201019,1649804,1664499,1596369,1603605,104472000
20201020,1611139,1633000,1596004,1608504,90194000
20201021,1606250,1616940,1580000,1592469,91854000
20201022,1594934,1599375,1560970,1588200,84240000
20201023,1595500,1602664,1570000,1602200,69334000
20201026,1599369,1641490,1576649,1603520,118024000
20201027,1612469,1645829,1605650,1643164,85820000
20201028,1624649,1632010,1581235,1581390,111766000
20201029,1600635,1628625,1581999,1605505,131930000
20201030,1578874,1583500,1509499,1518074,167728000
20201102,1530870,1539855,1475059,1502239,145148000
20201103,1509264,1537449,1490489,1524205,97958000
20201104,1579994,1622424,1569864,1620579,136780000
20201105,1659985,1683399,1644440,1661000,115786000
20201106,1652319,1661000,1616000,1655684,92946000
20201109,1615514,1644499,1556054,1571869,143808000
20201110,1547510,1556999,1509739,1517510,131820000
20201111,1530890,1569575,1525000,1568695,87338000
20201112,1579974,1587940,1543025,1555140,87240000
20201113,1561000,1570859,1542695,1564405,75124000
20201116,1546600,1571349,1536345,1565529,76174000
20201117,1591770,1594624,1567630,1567830,68894000
20201118,1566999,1570000,1552550,1552729,58336000
20201119,1552655,1562500,1540460,1558509,60206000
20201120,1558509,1566445,1549024,1549700,67488000
20201123,1558350,1569875,1532729,1549194,94178000
20201124,1550249,1567124,1543130,1559029,72042000
20201125,1570935,1598999,1570130,1592534,75808000
20201127,1605630,1608094,1595025,1597669,47858000
20201130,1604239,1614194,1562774,1584019,81278000
20201201,1594250,1624474,1578589,1610039,90740000
20201202,1610825,1616000,1586629,1601764,62586000
20201203,1602729,1614320,1590655,1593365,57840000
20201204,1599105,1599105,1579380,1581289,58272000
20201207,1578240,1590379,1570845,1578999,55026000
20201208,1579450,1592064,1560010,1588645,65726000
20201209,1583945,1587214,1543999,1552100,82016000
20201210,1544494,1571049,1538000,1550744,60604000
20201211,1548329,1559335,1536410,1558209,61294000
20201214,1571499,1595234,1563000,1578484,83116000
20201215,1590505,1594250,1565245,1582559,66390000
20201216,1588005,1623500,1581840,1620480,88552000
20201217,1625000,1631755,1610500,1618040,69486000
20201218,1621994,1624709,1585800,1600825,119914000
20201221,1600005,1613484,1583000,1603090,76736000
20201222,1601419,1611000,1590039,1603260,47388000
20201223,1602500,1605065,1592084,1592635,41876000
20201224,1596950,1601000,1584499,1586345,29038000
20201228,1596999,1651999,1586345,1641979,113736000
20201229,1654969,1675325,1640610,1661000,97458000
20201230,1670500,1671049,1641235,1642924,64186000
20201231,1637500,1641459,1620599,1628464,59144000
20210104,1635000,1636000,1572010,1593314,88228000
20210105,1583005,1611690,1582530,1609255,53110000
20210106,1573240,1598755,1565579,1569190,87896000
20210107,1578500,1604270,1577500,1581080,70290000
20210108,1590000,1595319,1571100,1591349,70754000
20210111,1574004,1578190,1555000,1557104,73668000
20210112,1560000,1571069,1543000,1560415,70292000
20210113,1564219,1594974,1561040,1582944,66424000
20210114,1583760,1588999,1560294,1563735,61418000
20210115,1561510,1571275,1547584,1552124,84880000
20210119,1553500,1572500,1548000,1560379,66102000
20210120,1590995,1639900,1587500,1631690,106196000
20210121,1646499,1674275,1644785,1653495,98722000
20210122,1652154,1660955,1641580,1646114,56438000
20210125,1664250,1681945,1621575,1646999,74996000
20210126,1648179,1668999,1641434,1663065,59104000
20210127,1670744,1673260,1603540,1616289,93204000
20210128,1617519,1650839,1614344,1618809,62984000
20210129,1615000,1618495,1592274,1603099,85872000
20210201,1621179,1675130,1617514,1671439,83204000
20210202,1690000,1713869,1680565,1690000,141972000
20210203,1712505,1716999,1654309,1656264,141776000
20210204,1665000,1673500,1638874,1665500,73414000
20210205,1659499,1688500,1651354,1676074,72416000
20210208,1679250,1682500,1651999,1661470,65148000
20210209,1656244,1668999,1648919,1652500,44070000
20210210,1656999,1658975,1626999,1643289,63032000
20210211,1646000,1646000,1624029,1631065,46028000
20210212,1625000,1640124,1616654,1638854,46706000
20210216,1627024,1654149,1626795,1634474,51494000
20210217,1631799,1660455,1629750,1654320,65950000
20210218,1641210,1668999,1636970,1664114,60548000
20210219,1664114,1666750,1622875,1624949,86104000
20210222,1604064,1616159,1586130,1590370,70314000
20210223,1563515,1602364,1546799,1597250,93544000
20210224,1583374,1585614,1562689,1579765,60226000
20210225,1568370,1589129,1523880,1528580,90676000
20210226,1547599,1561219,1518350,1546464,85518000
20210301,1563945,1574779,1548995,1573070,54582000
20210302,1571734,1581759,1543560,1547265,51916000
20210303,1540590,1553890,1497500,1502500,79774000
20210304,1506000,1529064,1472714,1488784,109632000
20210305,1502500,1504499,1440500,1500229,107772000
20210308,1507500,1532295,1475655,1475975,83700000
20210309,1508995,1545480,1502575,1531425,80600000
20210310,1549225,1558229,1515025,1528820,60250000
20210311,1552005,1565890,1541464,1556795,55528000
20210312,1537500,1549490,1522749,1544745,48438000
20210315,1537285,1541119,1516045,1540839,58272000
20210316,1552485,1564454,1537929,1545930,50776000
20210317,1536609,1586524,1535110,1567864,62372000
20210318,1550500,1558314,1512500,1513995,72992000
20210319,1514615,1538645,1508314,1537480,92508000
20210322,1533925,1563289,1530025,1555435,58044000
20210323,1563500,1591000,1560424,1568750,76346000
20210324,1575520,1580155,1542575,1543535,59180000
20210325,1536495,1554889,1518569,1523130,71270000
20210326,1522030,1528329,1498000,1526015,66258000
20210329,1527720,1545625,1514225,1537864,54920000
20210330,1535005,1536499,1516999,1527644,46752000
20210331,1532030,1559665,1531250,1547039,61878000
20210401,1558970,1581219,1557774,1580500,58806000
20210405,1586499,1617980,1580619,1613365,66698000
20210406,1611875,1623654,1608520,1611909,50756000
20210407,1616900,1651804,1611824,1639694,66924000
20210408,1655449,1662250,1646000,1649649,56242000
20210409,1652350,1686100,1644450,1686100,86830000
20210412,1677604,1697519,1675574,1689694,65636000
20210413,1700424,1716000,1697814,1700000,66316000
20210414,1702019,1702064,1663000,1666499,62904000
20210415,1685500,1698500,1676000,1689544,64672000
20210416,1690000,1703399,1677794,1699720,63720000
20210419,1695164,1717964,1680079,1686004,54508000
20210420,1686799,1691495,1658000,1667344,52460000
20210421,1658000,1681430,1651905,1681009,44224000
20210422,1685839,1686434,1650724,1654519,51612000
20210423,1659550,1687500,1654250,1670440,63856000
20210426,1673999,1714225,1665469,1704499,97614000
20210427,1721734,1730000,1699004,1708715,76542000
20210428,1717400,1744940,1712500,1729250,92638000
20210429,1752550,1757225,1717500,1735655,153648000
20210430,1762559,1776999,1731250,1733710,140186000
20210503,1742364,1743325,1686349,1693244,117510000
20210504,1678094,1683990,1636065,1655935,108788000
20210505,1669429,1677350,1632180,1635269,74226000
20210506,1635000,1657200,1623600,1653184,88954000
20210507,1659544,1665444,1644535,1645805,94206000
20210510,1641159,1641499,1595000,1595245,116772000
20210511,1568139,1618999,1563684,1611954,92396000
20210512,1592500,1603970,1566549,1575970,98728000
20210513,1592734,1601920,1566499,1580735,67018000
20210514,1592779,1614429,1591499,1611450,66500000
20210517,1622964,1646374,1617295,1635195,74478000
20210518,1646289,1656000,1615184,1616139,56568000
20210519,1597500,1617375,1591999,1615899,53594000
20210520,1622200,1629839,1618090,1623840,52664000
20210521,1625000,1628345,1598504,1601540,82098000
20210524,1607749,1628975,1605249,1622494,48456000
20210525,1633334,1639909,1606880,1629524,65222000
20210526,1637295,1647864,1629255,1632579,47680000
20210527,1628000,1630180,1615019,1615054,51224000
20210528,1621000,1623995,1609850,1611535,46596000
20210601,1621750,1625489,1604530,1609324,48600000
20210602,1611549,1617500,1603999,1616994,40290000
20210603,1602115,1607220,1592015,1593504,47966000
20210604,1606000,1610500,1599405,1603110,44994000
20210607,1598665,1603999,1586100,1599004,44316000
20210608,1611304,1639765,1609004,1632055,68334000
20210609,1636434,1648789,1635350,1640574,49110000
20210610,1641004,1675500,1640574,1674824,69530000
20210611,1674824,1683289,1666725,1673415,56348000
20210614,1673415,1692500,1667749,1691934,51394000
20210615,1691999,1698495,1681555,1691564,48524000
20210616,1696000,1713175,1680265,1707624,84056000
20210617,1701589,1748600,1700500,1744620,102730000
20210618,1739994,1753500,1736855,1743450,104954000
20210621,1738209,1741000,1716999,1726979,65542000
20210622,1729029,1761889,1728045,1752720,66902000
20210623,1752500,1760500,1741600,1751909,56266000
20210624,1753820,1762429,1715424,1724539,76640000
20210625,1731999,1732409,1697089,1700729,78820000
20210628,1708000,1723999,1706755,1721945,44856000
20210629,1719409,1728014,1711515,1724069,41968000
20210630,1720529,1735800,1717500,1720079,48080000
20210701,1717304,1728500,1704709,1716484,40742000
20210702,1725820,1755859,1718459,1755489,63388000
20210706,1765054,1842740,1764499,1837870,134896000
20210707,1858690,1867100,1839454,1848289,106562000
20210708,1821779,1879994,1810559,1865704,103612000
20210709,1861260,1873999,1846699,1859669,74964000
20210712,1871999,1878645,1848394,1859275,51432000
20210713,1851049,1886540,1835659,1838679,76918000
20210714,1854425,1858829,1830415,1840839,65932000
20210715,1847100,1847700,1810460,1815599,63706000
20210716,1816654,1823029,1785229,1786815,80874000
20210719,1766289,1775104,1749579,1774795,75692000
20210720,1783659,1796000,1758999,1786595,65114000
20210721,1788190,1793224,1771820,1792599,46380000
20210722,1793614,1820010,1791134,1819015,65308000
20210723,1820000,1833054,1811020,1828320,48726000
20210726,1836584,1856040,1823625,1849909,58002000
20210727,1849250,1849250,1793074,1813195,82638000
20210728,1816889,1829210,1800500,1815160,59988000
20210729,1813874,1818975,1790005,1799960,110400000
20210730,1673975,1684069,1653489,1663795,199312000
20210802,1676549,1679459,1658500,1665740,67078000
20210803,1670359,1695500,1649884,1683119,83146000
20210804,1689674,1694440,1672779,1677359,43678000
20210805,1678110,1694499,1670460,1687994,48670000
20210806,1687500,1687500,1664519,1672469,52752000
20210809,1671804,1677440,1664259,1670935,42964000
20210810,1672505,1678999,1657500,1660339,48252000
20210811,1665724,1668849,1638894,1646054,58944000
20210812,1645000,1657254,1634835,1651750,46282000
20210813,1652834,1653034,1641499,1646985,41134000
20210816,1641499,1650000,1605565,1649494,66394000
20210817,1638750,1640245,1612839,1620980,67758000
20210818,1620995,1627050,1600000,1600610,56086000
20210819,1597010,1616499,1591230,1593874,75658000
20210820,1601934,1603905,1587879,1599974,67168000
20210823,1605950,1640449,1605005,1632935,65362000
20210824,1640000,1657745,1637290,1652890,51036000
20210825,1654934,1660500,1643074,1649589,33606000
20210826,1649499,1666000,1648000,1658000,41976000
20210827,1666614,1676159,1656875,1674815,48048000
20210830,1678715,1722500,1677610,1710785,63844000
20210831,1712400,1736289,1697794,1735395,87128000
20210901,1748200,1763500,1737619,1739499,72598000
20210902,1747380,1755980,1727500,1731560,58474000
20210903,1726000,1741334,1718220,1739024,51514000
20210907,1738999,1764044,1738470,1754644,54758000
20210908,1755825,1772814,1747834,1762749,61068000
20210909,1763009,1774994,1740184,1742079,54384000
20210910,1750915,1754225,1731454,1734575,47946000
20210913,1741399,1748979,1718999,1728585,51380000
20210914,1737774,1743404,1718854,1725000,38738000
20210915,1721260,1742709,1701004,1737895,59150000
20210916,1729980,1746275,1723070,1744120,51672000
20210917,1744205,1748704,1726065,1731260,92332000
20210920,1698000,1709499,1652505,1677864,93382000
20210921,1687500,1689850,1666195,1671815,55618000
20210922,1675500,1694499,1670525,1690025,48228000
20210923,1690025,1714479,1690025,1708000,47588000
20210924,1701004,1714629,1696699,1712760,42324000
20210927,1685749,1707785,1669804,1702899,72690000
20210928,1678854,1684595,1645050,1657980,88616000
20210929,1661054,1675650,1648934,1650559,51246000
20210930,1658000,1663925,1636994,1642519,56848000
20211001,1644505,1654584,1627969,1641629,56712000
20211004,1639694,1639994,1588125,1594889,90462000
20211005,1602250,1630364,1601230,1610500,65384000
20211006,1606764,1632169,1599309,1631004,50660000
20211007,1645769,1662875,1641529,1651215,48182000
20211008,1658500,1660715,1644100,1644309,39964000
20211011,1637500,1646295,1619049,1623150,40684000
20211012,1628500,1633764,1618139,1623665,36392000
20211013,1634855,1644190,1630545,1642140,48402000
20211014,1651224,1656300,1645390,1649929,42190000
20211015,1655709,1705209,1651999,1704510,103598000
20211018,1694179,1724584,1692550,1723370,63482000
20211019,1717144,1727344,1711000,1722075,47722000
20211020,1726329,1731430,1700184,1707530,42796000
20211021,1707124,1720140,1701499,1717505,37628000
20211022,1710500,1714920,1665650,1667774,62782000
20211025,1667500,1673899,1648849,1660184,44520000
20211026,1674754,1708059,1671990,1688034,53966000
20211027,1693999,1718500,1685724,1696244,54044000
20211028,1701049,1739499,1693000,1723285,114174000
20211029,1650010,1687409,1636660,1686215,129722000
20211101,1680899,1687929,1646009,1659055,72178000
20211102,1657505,1665559,1641775,1656374,52552000
20211103,1654499,1697460,1648760,1691999,67944000
20211104,1685000,1749315,1682500,1738500,107060000
20211105,1738500,1783125,1738489,1759494,99940000
20211108,1761620,1789499,1743930,1744490,61480000
20211109,1757624,1796885,1750715,1788114,85898000
20211110,1781934,1802725,1731544,1741024,80548000
20211111,1756499,1771620,1733735,1736250,45288000
20211112,1742500,1770364,1723524,1762575,53788000
20211115,1768500,1796940,1762904,1772839,58594000
20211116,1769499,1788249,1762575,1770350,44342000
20211117,1782359,1793625,1772675,1774499,51206000
20211118,1783175,1852100,1780500,1848029,114070000
20211119,1856345,1881074,1837859,1838285,98734000
20211122,1838190,1856730,1783750,1786284,96844000
20211123,1792519,1810525,1763854,1790019,73804000
20211124,1781334,1806820,1768424,1790204,46560000
20211126,1801049,1816750,1752075,1752279,59826000
20211129,1773820,1798000,1765749,1780785,65312000
20211130,1781750,1792884,1746004,1753535,80022000
20211201,1772500,1779940,1720800,1721860,74916000
20211202,1730000,1746349,1711875,1718679,64726000
20211203,1727500,1734934,1669299,1694895,80712000
20211206,1696499,1736954,1669344,1713684,68860000
20211207,1746000,1774994,1733345,1761645,66410000
20211208,1761504,1771799,1747505,1761580,45254000
20211209,1757500,1769694,1741394,1741710,46062000
20211210,1754170,1759270,1705000,1722120,60690000
20211213,1720000,1721000,1691300,1695675,62170000
20211214,1675500,1694989,1664400,1690915,55976000
20211215,1685980,1736000,1651950,1733150,75794000
20211216,1733684,1741660,1681605,1688710,60876000
20211217,1677104,1708984,1656134,1700175,85542000
20211220,1668500,1678744,1656000,1670789,57372000
20211221,1678504,1707165,1656475,1704170,55956000
20211222,1692700,1720500,1685005,1710370,55036000
20211223,1704279,1719750,1701499,1710684,36788000
20211227,1710370,1729429,1692154,1696694,58688000
20211228,1701824,1721759,1691354,1706609,54638000
20211229,1708399,1712120,1686004,1692010,35754000
20211230,1696999,1708880,1685240,1686445,37584000
20211231,1689559,1693500,1665585,1667169,47830000
20220103,1675500,1707035,1661605,1704044,63520000
20220104,1704380,1713999,1663495,1675220,70726000
20220105,1668829,1671264,1643569,1643569,64302000
20220106,1634505,1648000,1619369,1632539,51958000
20220107,1638390,1652434,1620310,1625540,46606000
20220110,1605854,1616614,1563045,1614859,87798000
20220111,1615000,1663500,1607015,1653619,62806000
20220112,1665749,1668780,1644170,1652070,50030000
20220113,1652505,1662214,1610910,1612140,52188000
20220114,1601499,1622500,1598005,1621380,45974000
20220118,1591049,1597344,1576645,1589174,67292000
20220119,1587619,1592500,1562500,1562989,53242000
20220120,1567660,1580000,1513509,1516674,71974000
20220121,1499499,1508999,1420704,1426430,163972000
20220124,1390000,1449450,1353520,1445440,155624000
20220125,1422424,1436000,1381450,1399859,90824000
20220126,1447500,1451849,1373184,1388724,95602000
20220127,1408000,1442434,1393500,1396374,77516000
20220128,1408605,1439980,1379295,1439779,74392000
20220131,1447500,1503605,1443005,1495735,78308000
20220201,1500000,1517079,1476275,1511934,59220000
20220202,1550505,1550749,1488634,1506125,87330000
20220203,1417375,1442474,1383329,1388455,225532000
20220204,1556065,1611999,1506080,1576394,253456000
20220207,1585200,1626909,1572500,1579355,102624000
20220208,1567505,1617924,1555505,1614134,76040000
20220209,1628735,1638345,1602500,1611894,68786000
20220210,1583500,1607165,1577500,1590034,68268000
20220211,1581345,1590000,1527339,1532935,77100000
20220214,1517510,1584485,1516499,1551670,83230000
20220215,1576054,1580070,1546374,1565104,56440000
20220216,1557904,1588339,1547344,1581004,52704000
20220217,1581459,1603489,1545000,1546524,64032000
20220218,1554994,1554994,1508930,1526015,63604000
20220222,1504785,1529824,1484855,1501974,66128000
20220223,1516504,1517630,1446510,1448269,64244000
20220224,1398374,1517489,1395000,1513580,100786000
20220225,1505500,1539900,1492135,1537884,62396000
20220228,1524250,1544499,1508500,1535630,57684000
20220301,1527324,1540989,1499770,1511419,44874000
20220302,1508489,1529994,1487500,1520525,47334000
20220303,1535314,1539290,1468560,1478984,65198000
20220304,1471589,1478500,1438070,1456410,60934000
20220307,1454434,1460944,1374165,1374530,86934000
20220308,1366835,1406994,1335724,1360144,91662000
20220309,1395000,1402500,1368280,1392790,82656000
20220310,1456849,1486744,1439779,1468175,135062000
20220311,1495744,1496750,1453690,1455245,68900000
20220314,1459810,1474499,1408840,1418529,74086000
20220315,1428500,1479850,1420000,1473665,75584000
20220316,1485000,1531499,1473535,1531040,84958000
20220317,1526405,1574985,1521399,1572389,72934000
20220318,1568130,1615939,1560110,1612505,102962000
20220321,1611210,1630839,1595529,1614915,66538000
20220322,1618054,1661670,1616990,1648890,64086000
20220323,1637050,1663699,1626869,1634080,55812000
20220324,1637494,1641184,1600500,1636495,56798000
20220325,1640000,1653684,1622500,1647734,49032000
20220328,1649750,1690375,1648999,1689904,59854000
20220329,1703840,1708314,1678684,1693150,66154000
20220330,1685095,1689505,1655000,1663009,56168000
20220331,1664450,1664949,1629535,1629974,59966000
20220401,1641495,1658269,1623195,1635599,57090000
20220404,1641250,1683945,1632055,1683464,49882000
20220405,1677415,1681105,1632660,1640549,53728000
20220406,1616504,1621999,1572545,1587559,79056000
20220407,1583999,1600789,1545115,1577845,68136000
20220408,1567500,1573684,1542310,1544604,46002000
20220411,1527129,1541365,1505345,1511219,52112000
20220412,1536925,1550989,1503829,1507875,55178000
20220413,1500184,1560249,1496000,1555410,53390000
20220414,1553899,1558970,1514720,1517064,51598000
20220418,1515234,1540395,1502505,1527850,46514000
20220419,1520294,1586490,1515505,1581154,54926000
20220420,1576024,1576024,1536035,1539980,59630000
20220421,1547140,1567380,1475894,1482960,63970000
20220422,1482500,1496150,1436974,1443500,73078000
20220425,1440229,1462214,1423065,1460740,61874000
20220426,1448000,1448560,1389295,1393910,77530000
20220427,1401914,1419485,1357834,1381670,71336000
20220428,1421779,1459375,1403000,1445964,117316000
20220429,1298489,1307610,1216250,1242815,272662000
20220502,1224010,1246679,1183750,1245000,148788000
20220503,1240534,1262204,1228249,1242535,79134000
20220504,1235999,1260000,1191829,1259284,110746000
20220505,1230000,1234990,1150725,1164069,144392000
20220506,1148499,1190504,1130814,1147724,124260000
20220509,1113125,1140000,1079570,1087890,128124000
20220510,1112500,1126425,1071709,1088590,105434000
20220511,1081035,1101559,1044284,1053720,109704000
20220512,1027500,1107805,1024055,1069304,132026000
20220513,1090690,1131839,1078000,1130550,93684000
20220516,1130999,1139925,1103539,1108105,74566000
20220517,1132750,1158000,1112764,1153684,76448000
20220518,1114394,1128529,1062490,1071125,108380000
20220519,1062805,1100339,1061930,1073190,88142000
20220520,1095684,1098980,1050094,1075910,99500000
20220523,1084609,1088190,1039499,1075569,107798000
20220524,1040250,1054000,1012600,1040999,102934000
20220525,1036555,1081750,1036500,1067750,93120000
20220526,1079700,1126654,1074534,1110774,93002000
20220527,1135500,1151869,1126279,1151464,93660000
20220531,1162799,1219944,1156750,1202095,144634000
20220601,1222559,1251790,1206224,1216839,127528000
20220602,1216839,1256100,1200449,1255110,100560000
20220603,1241999,1244000,1210465,1223499,97604000
20220606,1252500,1289900,1238099,1247900,135269000
20220607,1220100,1240999,1206299,1230000,85156700
20220608,1226100,1237500,1207500,1211800,64926600
20220609,1199899,1213000,1160999,1161500,67029800
20220610,1134199,1145000,1090500,1096500,87266000
20220613,1041900,1065400,1018600,1036699,99277700
20220614,1041900,1048799,1014300,1023099,69728800
20220615,1038600,1090599,1035299,1076699,85011100
20220616,1044700,1045800,1020100,1036600,82186300
20220617,1028000,1069800,1025100,1062200,99772100
20220621,1081999,1116299,1035599,1086800,70901200
20220622,1074300,1121299,1070199,1089499,60040100
20220623,1103899,1130000,1079300,1124400,64345300
20220624,1123799,1167099,1114300,1164599,69867600
20220627,1170899,1179800,1126999,1132200,62133200
20220628,1135000,1148499,1070400,1074000,74942900
20220629,1073799,1109899,1069100,1089199,66375300
20220630,1081100,1081800,1025199,1062099,97679400
20220701,1062900,1097500,1058499,1095599,73021200
20220705,1075999,1140800,1063199,1135000,76583700
20220706,1132099,1154800,1120100,1143300,66958900
20220707,1138499,1169899,1134899,1163300,57872300
20220708,1145999,1165800,1136900,1155400,45719700
20220711,1140800,1143000,1108700,1117500,53487600
20220712,1121600,1132300,1083399,1092200,54280300
20220713,1070299,1117799,1060100,1104000,61353800
20220714,1102399,1111800,1075800,1106299,51163100
20220715,1125000,1155899,1115899,1135500,84317800
20220718,1150000,1172399,1131500,1137600,59115400
20220719,1156999,1189499,1140299,1182099,60990000
20220720,1186200,1234800,1183199,1227699,71268300
20220721,1231999,1248499,1212600,1246299,60239900
20220722,1250100,1255000,1213499,1224199,51463800
20220725,1226999,1236399,1200299,1211399,50221300
20220726,1157900,1181500,1145299,1148099,67075100
20220727,1173099,1219000,1171600,1209700,61582000
20220728,1215699,1228399,1180800,1222799,82245500
20220729,1348999,1376499,1324100,1349499,148892900
20220801,1349600,1388300,1335099,1353899,76846900
20220802,1347200,1374400,1340899,1341600,61922400
20220803,1362100,1404900,1360500,1395200,71827800
20220804,1405800,1435599,1395500,1425700,70585000
20220805,1401000,1428600,1396000,1408000,50686900
20220808,1420500,1442299,1382899,1394100,52229000
20220809,1380500,1389499,1362100,1378300,40434700
20220810,1428999,1446000,1410099,1426900,54773800
20220811,1438600,1444900,1397599,1406399,44867300
20220812,1420500,1435700,1401199,1435500,47643500
20220815,1428000,1437599,1414900,1431799,39014600
20220816,1439100,1465700,1420000,1447799,59102900
20220817,1426900,1433800,1407799,1421000,48149800
20220818,1413200,1427700,1403800,1423000,37458700
20220819,1404700,1411100,1379100,1382299,47792800
20220822,1357200,1363200,1328500,1332200,50461500
20220823,1334100,1349900,1329499,1336199,36252100
20220824,1327500,1354700,1321000,1338000,38627000
20220825,1352599,1374199,1342799,1372799,37496300
20220826,1365500,1378300,1305000,1307500,53322700
20220829,1298999,1319499,1287700,1297899,48101600
20220830,1312500,1320700,1268499,1287299,49203000
20220831,1294499,1305899,1267399,1267699,53648700
20220901,1260000,1280200,1236600,1278199,56636100
20220902,1295000,1313800,1263899,1275100,57429800
20220906,1279199,1286199,1247399,1261100,43888600
20220907,1261200,1298200,1254000,1294799,47900300
20220908,1277200,1302799,1270999,1298200,43988500
20220909,1309100,1336900,1307599,1332700,49387600
20220912,1341000,1364900,1340000,1364499,53826900
20220913,1310099,1313999,1262699,1268199,72694000
20220914,1273600,1288399,1263300,1285500,45316800
20220915,1273799,1303699,1255000,1262799,52887200
20220916,1227799,1238700,1206999,1235299,115667800
20220919,1221600,1247099,1218000,1246600,47279700
20220920,1233499,1244000,1211399,1221900,47698400
20220921,1224899,1237600,1184499,1185400,58498900
20220922,1170800,1187900,1162600,1173099,55229200
20220923,1160000,1160500,1120599,1137799,65126700
20220926,1133000,1173399,1131299,1151500,62723300
20220927,1171999,1183199,1130500,1144100,60094700
20220928,1143799,1186999,1138000,1180100,55763800
20220929,1155999,1160699,1130599,1148000,58969700
20220930,1140800,1169199,1128399,1130000,59479600
20221003,1135800,1169100,1124499,1158799,50941900
20221004,1198899,1230000,1197900,1210899,62812600
20221005,1185800,1217500,1176900,1209499,48217500
20221006,1207699,1215299,1195000,1203000,42253800
20221007,1180000,1181699,1138799,1145599,54678000
20221010,1150999,1162500,1124300,1136699,42339700
20221011,1127099,1154800,1103899,1122099,56432200
20221012,1124899,1138300,1114000,1129000,45728700
20221013,1078799,1134400,1053499,1125299,86868100
20221014,1140999,1149599,1065999,1069000,67737300
20221017,1101100,1141900,1100899,1137900,62782000
20221018,1190599,1195199,1147900,1163600,65607400
20221019,1147099,1165899,1132200,1150699,47198100
20221020,1138300,1182399,1135100,1152500,48795100
20221021,1147900,1195899,1145000,1193199,55660500
20221024,1199800,1203899,1165699,1198199,49531500
20221025,1196500,1213199,1189499,1205999,50934600
20221026,1160000,1193499,1147600,1156600,68802300
20221027,1139199,1141200,1097699,1109599,129605400
20221028,979100,1039599,976600,1034100,223133400
20221031,1035599,1048700,1007399,1024400,99251400
20221101,1039899,1045800,960599,967900,153370000
20221102,973199,977399,920100,921200,135761800
20221103,924700,935000,890199,893000,136683300
20221104,914899,924400,880400,909800,129101300
20221107,919499,920999,890400,905299,77495700
20221108,907900,917200,882300,899800,88703400
20221109,894700,894800,858700,861399,90796200
20221110,929400,986900,916500,966299,173414900
20221111,978799,1011900,966600,1007900,111590500
20221114,987699,1001200,972900,984899,99533100
20221115,1032099,1037900,973399,989400,111336300
20221116,968499,984899,955400,971200,87958800
20221117,953700,969700,940299,948499,82617900
20221118,959499,959899,924800,941399,72428200
20221121,939700,950199,905899,924599,84330300
20221122,926200,933499,908700,931999,62192000
20221123,932399,945800,928300,941299,59414700
20221125,937900,944300,930699,934100,35088600
20221128,939300,964000,934300,939499,74943100
20221129,940400,944100,914400,924199,65567300
20221130,924700,965400,915299,965400,102805800
20221201,969899,972300,949199,955000,68488000
20221202,944800,953600,937799,941299,72496400
20221205,930500,940599,908199,910100,71535500
20221206,905000,910400,879000,882500,75503600
20221207,883399,898899,874800,884599,68086900
20221208,892399,908600,878799,903499,73305900
20221209,889000,903000,886299,890899,67398500
20221212,892099,905800,878700,905500,61999800
20221213,952300,962500,905199,924899,100212000
20221214,925000,934599,898700,915800,70298000
20221215,898899,899700,874700,884499,84802900
20221216,882699,893499,867300,878600,146144100
20221219,875100,876299,845100,849199,83531500
20221220,853300,866100,843300,851900,74348300
20221221,861800,872300,852099,867699,59267200
20221222,855199,856800,822500,837900,81431300
20221223,832500,857799,829300,852500,57433700
20221227,849700,853499,830000,830400,57284000
20221228,828000,834800,816900,818199,58228600
20221229,828700,845500,825500,841800,54995900
20221230,831200,840500,824700,840000,62401200
20230103,854599,869599,842099,858199,76706000
20230104,865500,869800,833600,851399,68885100
20230105,853300,854199,830699,831200,67930800
20230106,830299,864000,814300,860800,83303400
20230109,874599,894800,870800,873600,65266100
20230110,875699,901900,872900,898700,67756600
20230111,909300,952600,909300,950899,103126200
20230112,969300,971900,935000,952699,85254800
20230113,941800,983700,941200,981200,85549400
20230117,986800,988899,957300,960500,72755000
20230118,972500,993199,953799,954599,79570400
20230119,947399,954400,928600,936800,69002700
20230120,938600,973499,931999,972500,67481500
20230123,975599,977799,958600,975199,76501100
20230124,969300,980899,960000,963199,66929500
20230125,925599,972399,915199,971800,94261600
20230126,982399,994899,969199,992200,68523600
20230127,995299,1034899,995299,1022399,87775600
20230130,1010899,1017399,990100,1005500,70691900
20230131,1011600,1033499,1011399,1031299,66527300
20230201,1025299,1062399,1012399,1051500,80450100
20230202,1102500,1140000,1088799,1129100,158154200
20230203,1052600,1087799,1025199,1033899,144374800
20230206,1029300,1039499,1006500,1021800,81945200
20230207,1011699,1024100,980800,1021100,119501300
20230208,1020400,1026699,987799,1000500,75878300
20230209,1013199,1017799,975699,982399,64622500
20230210,975599,988199,962300,976100,52740100
20230213,978499,996800,969100,995400,52841500
20230214,984100,1009199,975199,996999,56202900
20230215,990899,1011699,984499,1011600,47957600
20230216,992099,1006299,980999,981500,56339200
20230217,978000,979400,956500,971999,60029400
20230221,953399,956100,942699,945800,56580400
20230222,950999,970100,948000,957900,59534100
20230223,961200,964300,936699,958199,48467000
20230224,935299,941399,923199,935000,57053800
20230227,942799,947799,931399,937600,47470300
20230228,931399,946900,929199,942300,43959300
20230301,938700,946800,915899,921699,52299500
20230302,914100,922300,903899,921299,55509400
20230303,927399,949400,926600,949000,55759600
20230306,951900,965500,937399,937500,52112400
20230307,940599,950899,927799,935500,49100700
20230308,935999,941699,921800,939199,44899100
20230309,936800,962099,921800,922500,56218700
20230310,926699,935699,902500,907300,69827500
20230313,899700,940199,881200,924300,72397100
20230314,938300,950699,927099,948799,60912700
20230315,932200,966699,930699,961999,70731800
20230316,957500,1009899,956100,1000400,84446900
20230317,997900,1006600,974599,989499,87300200
20230320,984100,984800,956999,977099,62388900
20230321,981399,1008499,980000,1006100,58597300
20230322,1004499,1020999,986100,986999,57475400
20230323,1004300,1010599,976200,987099,57559300
20230324,980699,983000,964000,981299,56095400
20230327,990699,993399,970800,980400,46721300
20230328,981100,984400,962900,972399,38720100
20230329,986900,1004199,985599,1002500,49783300
20230330,1015500,1030400,1010100,1020000,53633400
20230331,1021600,1034899,1019499,1032900,56750300
20230403,1023000,1032900,1014300,1024100,41135700
20230404,1027500,1041999,1021100,1039499,48662500
20230405,1039100,1039100,1007500,1010999,45175400
20230406,1007500,1023799,998000,1020599,43808000
20230410,1009599,1021999,995699,1021699,37261200
20230411,1008000,1010000,990100,999199,60417800
20230412,1004000,1005100,977099,978300,56735000
20230413,989499,1025699,987099,1024000,67925100
20230414,1020699,1031999,1011100,1025100,51450500
20230417,1031600,1037300,1015899,1027399,39919500
20230418,1039499,1041999,1015199,1023000,39790500
20230419,1015800,1051200,1013899,1043000,58398900
20230420,1035299,1052500,1032099,1038099,57696900
20230421,1060999,1081500,1050800,1069599,86774200
20230424,1076600,1092300,1050699,1062099,69575600
20230425,1049100,1054499,1024499,1025699,65026800
20230426,1050400,1066200,1040999,1049800,73803800
20230427,1081600,1108600,1068000,1098199,149961200
20230428,1077300,1094800,1043300,1054499,130715900
20230501,1049499,1052300,1018199,1020500,74728100
20230502,1014700,1039000,1011500,1036299,73469400
20230503,1037399,1059599,1032799,1036500,65051900
20230504,1040400,1053899,1033099,1040000,45345500
20230505,1042699,1057600,1035500,1056600,56951700
20230508,1050400,1060999,1046999,1058300,49430900
20230509,1054800,1067900,1051600,1066200,44089400
20230510,1080999,1106699,1080500,1101900,78627600
20230511,1110299,1132799,1104899,1121800,74924800
20230512,1121600,1126399,1093199,1102600,49852700
20230515,1111500,1122900,1092500,1111999,53011100
20230516,1110500,1147900,1110500,1134000,71472900
20230517,1148899,1158300,1142200,1155000,65655200
20230518,1166900,1185999,1163399,1181500,73174100
20230519,1181600,1183099,1156999,1162500,55056300
20230522,1167699,1167699,1142500,1150100,70741100
20230523,1142699,1171399,1137799,1149899,67576300
20230524,1153499,1173399,1150199,1167500,63487900
20230525,1166299,1168700,1143099,1150000,66496700
20230526,1160400,1215000,1160199,1201100,96779900
20230530,1223700,1229199,1198600,1216600,64314800
20230531,1214499,1220400,1191699,1205800,72800800
20230601,1206900,1234899,1199300,1227699,54375100
20230602,1249199,1263899,1240199,1242500,61264400
20230605,1233600,1258000,1230299,1253000,47950100
20230606,1250699,1274000,1250000,1266100,45695200
20230607,1270100,1273700,1206299,1212300,95663300
20230608,1230100,1256299,1222600,1242500,62159300
20230609,1240800,1258000,1231900,1234300,51396000
20230612,1240199,1267799,1235299,1265699,51338000
20230613,1281199,1284100,1251800,1266600,50564800
20230614,1266999,1269499,1241200,1264199,52422500
20230615,1252099,1276900,1243199,1271100,60458500
20230616,1277099,1279000,1253000,1254899,84247100
20230620,1249700,1272500,1245000,1257799,56930100
20230621,1256399,1267300,1238499,1248300,52137700
20230622,1253099,1303300,1251399,1301499,90354600
20230623,1291100,1308399,1282799,1293300,71927800
20230626,1293300,1314900,1270999,1273300,59989300
20230627,1286300,1300899,1275500,1291799,46801000
20230628,1289400,1314799,1284400,1290399,52149500
20230629,1287700,1292599,1272600,1279000,40761000
20230630,1294700,1312500,1289499,1303600,54350700
20230703,1308200,1318500,1300700,1302200,28264800
20230705,1302400,1313999,1296399,1303800,35895400
20230706,1282500,1287299,1273700,1283600,40639900
20230707,1285899,1309700,1281300,1297799,41992300
20230710,1290700,1292799,1259199,1271299,61889300
20230711,1277500,1297700,1273499,1287799,49951500
20230712,1303099,1312599,1288300,1308000,54022800
20230713,1340399,1346699,1327100,1343000,61170900
20230714,1340599,1366499,1340599,1346799,54487100
20230717,1345599,1356199,1332100,1335599,48450200
20230718,1327100,1338600,1313500,1328300,54882900
20230719,1333899,1359900,1325299,1353600,54531000
20230720,1340700,1347899,1293300,1299600,59820600
20230721,1313399,1313699,1284199,1300000,133307300
20230724,1303099,1316600,1283500,1288000,45591100
20230725,1293099,1295800,1285299,1291300,39236700
20230726,1265100,1290800,1261100,1281499,53910100
20230727,1310000,1326300,1277900,1282500,52610700
20230728,1296900,1330099,1293300,1322100,46317400
20230731,1331999,1338699,1323800,1336799,41901500
20230801,1335500,1336900,1316199,1316900,42098500
20230802,1301499,1302299,1268199,1282100,51027600
20230803,1274800,1298399,1264100,1289100,88585200
20230804,1410599,1436300,1393200,1395700,153128500
20230807,1409900,1425399,1389499,1422200,71213100
20230808,1406199,1408399,1384199,1399400,51710500
20230809,1399700,1403200,1371000,1378500,50017300
20230810,1390700,1404100,1374900,1385599,58928400
20230811,1373999,1393300,1370000,1384100,42905800
20230814,1383000,1405899,1377500,1405700,47148700
20230815,1400500,1412799,1372299,1376699,42781500
20230816,1371900,1372700,1350099,1350700,41675900
20230817,1354600,1360899,1335299,1339799,48354100
20230818,1316199,1340700,1311499,1332200,48497700
20230821,1337400,1351900,1327100,1346799,41442500
20230822,1350800,1356499,1337299,1342500,32905400
20230823,1345000,1359499,1332200,1355200,42801000
20230824,1363999,1367799,1318300,1318399,43646300
20230825,1324700,1338699,1305800,1332599,44147500
20230828,1337799,1339499,1318500,1331399,34108400
20230829,1333800,1351399,1332500,1349100,38646100
20230830,1349299,1356799,1339199,1350700,36137000
20230831,1350599,1387899,1350000,1380099,58781300
20230901,1394600,1399600,1368800,1381199,40991500
20230905,1377299,1378000,1358200,1372700,40636700
20230906,1363200,1374499,1346100,1353600,41785500
20230907,1338999,1380299,1331600,1378500,48498900
20230908,1368600,1388500,1367500,1382299,38348200
20230911,1387500,1436199,1386399,1431000,56764500
20230912,1423200,1430000,1406100,1412299,42668500
20230913,1409499,1449799,1408699,1448500,60465200
20230914,1450800,1458600,1429499,1447200,64033600
20230915,1426900,1435700,1400899,1403899,102909300
20230918,1404799,1417500,1392200,1399799,42823500
20230919,1386999,1388399,1355599,1376300,61482500
20230920,1385500,1393699,1351999,1352899,46263700
20230921,1319400,1322400,1293099,1293300,70343300
20230922,1311100,1320299,1285200,1291199,59904300
20230925,1293600,1317799,1287700,1312700,46017800
20230926,1301199,1303899,1252799,1259800,73048200
20230927,1257600,1274800,1241299,1259800,66553400
20230928,1240400,1265800,1230400,1259800,54555000
20230929,1281999,1291499,1263199,1271200,62411700
20231002,1272799,1304700,1265400,1294600,48029700
20231003,1280599,1285200,1242500,1247200,51565000
20231004,1260599,1273600,1256800,1270000,44203900
20231005,1267099,1267300,1243300,1259599,39660600
20231006,1241600,1284499,1241299,1279599,46836700
20231009,1262200,1287899,1247600,1282599,38773700
20231010,1288200,1307400,1280500,1294799,42178600
20231011,1297400,1320500,1296100,1318300,40741800
20231012,1321699,1344799,1312299,1323300,55528600
20231013,1329799,1333099,1289499,1297899,45786600
20231016,1306900,1330700,1304299,1325500,42832900
20231017,1303899,1325800,1287100,1314700,49344600
20231018,1298999,1306699,1275100,1281300,42699500
20231019,1305700,1322400,1274700,1283999,60961400
20231020,1280500,1281699,1249700,1251699,56406400
20231023,1246299,1278799,1239800,1265599,48260000
20231024,1277399,1288000,1263399,1285599,46477400
20231025,1260400,1263399,1207900,1213899,74577500
20231026,1206299,1216399,1183499,1195699,100419500
20231027,1261999,1300200,1255199,1277399,125309300
20231030,1297200,1330000,1285599,1327100,72485500
20231031,1327500,1335700,1317100,1330899,51589400
20231101,1339600,1373500,1337100,1370000,61529400
20231102,1387299,1388099,1364700,1380700,52236700
20231103,1389900,1394900,1374499,1386000,44059800
20231106,1387599,1407299,1383600,1397400,44970400
20231107,1405500,1433699,1405000,1427100,53553500
20231108,1429700,1431199,1412200,1420800,44521700
20231109,1420200,1426499,1398399,1406000,36235400
20231110,1404600,1436499,1399100,1435599,49287800
20231113,1420800,1432299,1406699,1425899,35680600
20231114,1450000,1472599,1446799,1458000,56674600
20231115,1470599,1472899,1425899,1431999,63875700
20231116,1409100,1433200,1395200,1428300,49653500
20231117,1426600,1452299,1425399,1451799,49636700
20231120,1451300,1466300,1447299,1461300,41951200
20231121,1439100,1440500,1415000,1438999,71226000
20231122,1445700,1477400,1445700,1467100,45669100
20231124,1466999,1471999,1453200,1467400,22378400
20231127,1475299,1492599,1468800,1477299,53762400
20231128,1469799,1476000,1455299,1470299,42711700
20231129,1478500,1485399,1459700,1463200,40610900
20231130,1447599,1469299,1443300,1460899,65814000
20231201,1460000,1472500,1455500,1470299,39951800
20231204,1452500,1453500,1428099,1448399,48294200
20231205,1435500,1485700,1431300,1468800,46822400
20231206,1475800,1478500,1442799,1445200,39679000
20231207,1461499,1479199,1453399,1468800,52352800
20231208,1454799,1478399,1453999,1474199,41906000
20231211,1456600,1461900,1436399,1458899,50907300
20231212,1455200,1475000,1453000,1474799,44944300
20231213,1481199,1494600,1468200,1488399,52766200
20231214,1499299,1505399,1455200,1474199,58400800
20231215,1483800,1505700,1478800,1499700,110089300
20231218,1505599,1548500,1500500,1540700,62512800
20231219,1543999,1551199,1526900,1537899,43171300
20231220,1528999,1556300,1515599,1521199,50322100
20231221,1533000,1539700,1521000,1538399,36305700
20231222,1537700,1543500,1527100,1534199,29514100
20231226,1535599,1539799,1530299,1534100,25067200
20231227,1535599,1547799,1531199,1533399,31434700
20231228,1537200,1540800,1529499,1533800,27057000
20231229,1531000,1538899,1510299,1519400,39823200
20240102,1515399,1523800,1483899,1499299,47339400
20240103,1491999,1510500,1483300,1484700,49425500
20240104,1455899,1473800,1440500,1445700,56039800
20240105,1446900,1465899,1445299,1452400,45153100
20240108,1467400,1493999,1461499,1491000,46757100
20240109,1483300,1517100,1482100,1513699,43812600
20240110,1520599,1544199,1518800,1537299,44421800
20240111,1550399,1571699,1531199,1551799,49072700
20240112,1553899,1561999,1540099,1546199,40484200
20240116,1535299,1549900,1521499,1531600,41384600
20240117,1514900,1521499,1499100,1517100,34953400
20240118,1527700,1537799,1518200,1535000,37850200
20240119,1538300,1557599,1527400,1553399,51651600
20240122,1568899,1570500,1538999,1547799,43687500
20240123,1548500,1562100,1539299,1560200,37986000
20240124,1578000,1585099,1564799,1568699,48547300
20240125,1569499,1585099,1545500,1577500,43638600
20240126,1584199,1607200,1579100,1591199,51047400
20240129,1593399,1612899,1588999,1612599,45270400
20240130,1606999,1617299,1584900,1590000,45207400
20240131,1570000,1590099,1548099,1551999,50284400
20240201,1558699,1597599,1556199,1592799,76542400
20240202,1691900,1725000,1673300,1718099,117218300
20240205,1701999,1705500,1676999,1703099,55081300
20240206,1693899,1707100,1676499,1691499,42505500
20240207,1694799,1708800,1689400,1705299,47174100
20240208,1696499,1714299,1688800,1698399,42316500
20240209,1708999,1750000,1705800,1744499,56986000
20240212,1748000,1753899,1715399,1723399,51050400
20240213,1677299,1709499,1657500,1686399,56345100
20240214,1692100,1712100,1682799,1709799,42815500
20240215,1705800,1711699,1675899,1698000,49855200
20240216,1687400,1704199,1671699,1695099,48107700
20240220,1678300,1687100,1657400,1670800,41980300
20240221,1689400,1702299,1671399,1685899,44420100
20240222,1731000,1748000,1717700,1745800,55392400
20240223,1742799,1757500,1736999,1749900,59715200
20240226,1756999,1763699,1742599,1747299,44368600
20240227,1740800,1746199,1728600,1735399,31141700
20240228,1724400,1740500,1722700,1731600,28180500
20240229,1730099,1772200,1728500,1767599,53805400
20240301,1767500,1787299,1760700,1782200,31981200
20240304,1775299,1801399,1774900,1775800,37381500
20240305,1769299,1769299,1733000,1741199,37228300
20240306,1755399,1764600,1732599,1735099,32090900
20240307,1748300,1779900,1737200,1768200,34063300
20240308,1764400,1787899,1743300,1753500,37893200
20240311,1743099,1744700,1714700,1719600,28484800
20240312,1735000,1767599,1719799,1753899,36610600
20240313,1758999,1776199,1755500,1765599,30772600
20240314,1776900,1795299,1764700,1787500,43705800
20240315,1766399,1779299,1738999,1744199,72147400
20240318,1758000,1766900,1742799,1744799,31250700
20240319,1742200,1760899,1735200,1758999,26880900
20240320,1761399,1785299,1746399,1781499,29947200
20240321,1799900,1814199,1781499,1781499,32824300
20240322,1777500,1792599,1767500,1788699,27995400
20240325,1780099,1809900,1772400,1797100,29815500
20240326,1801499,1804499,1779499,1783000,29659000
20240327,1798800,1800000,1773099,1798300,33272600
20240328,1801699,1816999,1792599,1803800,38051600
20240401,1807899,1830000,1799499,1809700,29174500
20240402,1790700,1807899,1783800,1806900,32611500
20240403,1798999,1828699,1798000,1824100,31046600
20240404,1840000,1851000,1800000,1800000,41624300
20240405,1823800,1862700,1819700,1850700,42374000
20240408,1868999,1872899,1848099,1851900,39221300
20240409,1872400,1873399,1841999,1856699,36520100
20240410,1827700,1862700,1826699,1859499,35879200
20240411,1867400,1897700,1855099,1890500,40020700
20240412,1877200,1883800,1850800,1861300,38608800
20240415,1874299,1886900,1830000,1836199,48052400
20240416,1832700,1848300,1822599,1833200,32891300
20240417,1843099,1845700,1798200,1812799,31359700
20240418,1814700,1823899,1786499,1792200,30723800
20240419,1787400,1790000,1734400,1746300,56000700
20240422,1769400,1788699,1745599,1772299,37924900
20240423,1780800,1799299,1759799,1795399,37046500
20240424,1799400,1803200,1761799,1765899,34185100
20240425,1696799,1739199,1663200,1736699,49249400
20240426,1778000,1808200,1761300,1796199,43919800
20240429,1827500,1835299,1793899,1809600,54063900
20240430,1810899,1829900,1748000,1750000,94639800
20240501,1816399,1851499,1765599,1790000,94645100
20240502,1808500,1851000,1799100,1847200,54303500
20240503,1869900,1878699,1854199,1862100,39172000
20240506,1862799,1887500,1848000,1886999,34725300
20240507,1889199,1899400,1873099,1887599,34048900
20240508,1874400,1884299,1863899,1880000,26136400
20240509,1888800,1916999,1874400,1895000,43368400
20240510,1891600,1898899,1869299,1874799,34141800
20240513,1880000,1883099,1853600,1865700,24898600
20240514,1838200,1877200,1834499,1870700,38698200
20240515,1859700,1867200,1827299,1859900,75459900
20240516,1856000,1873099,1834600,1836300,38834500
20240517,1837599,1853000,1833500,1846999,33175700
20240520,1843399,1866699,1832799,1835399,30511800
20240521,1823000,1832599,1807500,1831499,50839100
20240522,1838800,1852200,1819700,1831300,28148800
20240523,1836600,1847599,1800800,1810500,33670200
20240524,1816499,1824400,1803000,1807500,27471600
20240528,1799299,1822400,1794900,1821499,29927000
20240529,1816999,1840800,1815500,1820200,32009300
20240530,1813099,1813399,1783600,1793200,29184700
20240531,1783000,1792100,1738699,1764400,58903900
20240603,1776999,1786999,1759199,1783399,30786600
20240604,1776399,1798200,1764400,1793399,27198400
20240605,1801000,1815000,1787500,1812799,32116400
20240606,1817500,1850000,1814900,1850000,31371200
20240607,1848999,1862899,1833600,1843000,28021500
20240610,1840700,1872299,1837899,1870599,34445600
20240611,1870599,1877700,1845399,1872299,27265100
20240612,1880200,1883500,1854299,1868899,33984200
20240613,1860899,1876699,1826699,1838300,39721500
20240614,1830800,1837200,1822299,1836600,25456400
20240617,1825200,1850000,1812200,1840599,35601900
20240618,1837400,1842899,1814299,1828099,36659200
20240620,1829100,1865099,1827200,1861000,44726800
20240621,1878000,1892799,1858600,1890800,70792500
20240624,1893300,1910000,1853300,1855700,50610400
20240625,1868099,1888399,1854199,1863399,45366400
20240626,1869199,1948000,1862599,1936100,65103900
20240627,1950099,1998399,1941999,1978500,74397500
20240628,1977299,1988500,1925000,1932500,76930200
20240701,1934900,1983000,1928200,1971999,41192000
20240702,1972799,2004299,1959299,2000000,45600000
20240703,1999400,2000299,1967599,1975899,31597900
20240705,1986499,2005500,1981699,2000000,39858900
20240708,2000399,2011999,1979600,1992899,34767300
20240709,1993999,2005700,1990500,1993399,32700100
20240710,2000000,2001100,1976900,1997899,32883800
20240711,2000899,2002700,1928600,1950500,44565000
20240712,1948000,1964700,1938300,1944900,30598500
20240715,1945599,1961900,1908300,1927200,40683200
20240716,1955899,1966199,1922400,1930200,33994700
20240717,1913500,1915800,1859900,1879299,48076100
20240718,1895899,1896799,1814499,1837500,51043600
20240719,1811399,1849299,1801100,1831300,43081800
20240722,1850000,1850599,1824799,1825500,39931900
20240723,1841000,1893899,1835599,1864100,47537700
20240724,1831999,1854499,1804100,1808300,41532400
20240725,1829100,1838999,1768000,1798500,44464200
20240726,1803899,1831900,1802400,1825000,29506000
20240729,1838399,1847500,1823800,1831999,33270100
20240730,1847200,1858600,1793800,1817100,39508600
20240731,1850500,1879400,1844600,1869799,41667300
20240801,1892899,1906000,1818699,1840700,70435600
20240802,1667500,1687700,1605500,1678999,141448400
20240805,1542100,1629600,1516100,1610200,83149400
20240806,1617100,1650800,1585399,1619299,59950800
20240807,1665500,1675800,1614299,1627700,48408200
20240808,1651699,1666900,1625500,1658000,44616200
20240809,1663999,1685500,1658500,1669400,36401000
20240812,1681399,1685500,1661100,1668000,30072800
20240813,1678099,1710399,1671000,1702299,39237900
20240814,1721100,1722799,1688600,1701000,28843800
20240815,1748600,1779100,1739900,1775899,51698500
20240816,1770399,1783399,1762599,1770599,31489200
20240819,1776399,1783000,1761600,1782200,31129800
20240820,1779199,1790099,1774299,1788800,26255200
20240821,1799199,1823899,1788899,1801100,35599100
20240822,1813800,1814700,1756799,1761300,32047500
20240823,1773399,1789700,1752400,1770399,29150100
20240826,1766999,1774700,1743000,1755000,22366200
20240827,1741499,1748899,1722500,1731199,29842000
20240828,1736900,1736900,1689199,1708000,29045000
20240829,1732200,1742899,1708099,1721199,26407800
20240830,1727799,1788999,1726000,1785000,43429400
20240903,1775500,1782599,1752599,1762500,37817500
20240904,1744799,1759799,1725399,1733300,30309200
20240905,1750000,1798800,1750000,1778899,40170500
20240906,1772400,1783800,1711600,1713899,41466500
20240909,1745299,1758500,1735099,1753999,29037400
20240910,1774900,1805000,1767899,1795500,36233800
20240911,1801000,1849900,1757299,1845200,42564700
20240912,1848000,1874100,1835399,1870000,33544200
20240913,1870000,1885000,1859100,1864900,26495400
20240916,1852899,1858099,1833600,1848899,26065500
20240917,1868500,1894499,1861399,1868800,26091700
20240918,1864499,1888000,1850599,1864299,34448100
