20200102,3261000,3299800,3247799,3298099,4485800
20200103,3267799,3298599,3255299,3258999,3806900
20200106,3231199,3363599,3212000,3358299,5663100
20200107,3364700,3367000,3302999,3307500,4703200
20200108,3314899,3427000,3310499,3392600,7104500
20200109,3420000,3434200,3346099,3356600,4709300
20200110,3371300,3385000,3272699,3290499,4718300
20200113,3317999,3408500,3315100,3389200,6290000
20200114,3443999,3453800,3355199,3386900,7199400
20200115,3386799,3431700,3366000,3390700,5158000
20200116,3435000,3435599,3358500,3386199,5016000
20200117,3410000,3415700,3373800,3396700,6066500
20200121,3400000,3410000,3325899,3381099,14350300
20200122,3325499,3362999,3236000,3260000,21730000
20200123,3260400,3498800,3250100,3496000,18200300
20200124,3484599,3598500,3458800,3531600,17939700
20200127,3459500,3518999,3410199,3428800,7709500
20200128,3458800,3523999,3427799,3485199,6821600
20200129,3490000,3493999,3385499,3431600,7643500
20200130,3411000,3482000,3392500,3477399,5328100
20200131,3473900,3473900,3409800,3450899,5230000
20200203,3472399,3596300,3462799,3580000,6670600
20200204,3610000,3695700,3561000,3690100,7161500
20200205,3751300,3752500,3622999,3696700,6437000
20200206,3696000,3715499,3625100,3669500,3920400
20200207,3650400,3717999,3635700,3667699,4385200
20200210,3650000,3747999,3625199,3710700,5294100
20200211,3737500,3781099,3697200,3736900,4772900
20200212,3771799,3806199,3758800,3800100,4624800
20200213,3769599,3853699,3765100,3813999,4485400
20200214,3814700,3851499,3794299,3803999,3736300
20200218,3792999,3895400,3791900,3877799,5173900
20200219,3881199,3929500,3848999,3861900,4896400
20200220,3865599,3897000,3766799,3860000,4079400
20200221,3853299,3873200,3778999,3800700,3930100
20200224,3647600,3728200,3610000,3687000,6936400
20200225,3720000,3756499,3577200,3600899,6481200
20200226,3663099,3820000,3650000,3792399,8934100
20200227,3714599,3915599,3706000,3717099,10967700
20200228,3642099,3767699,3567999,3690299,11168600
20200302,3731099,3813599,3645000,3810499,6997900
20200303,3810299,3935199,3673999,3687699,8364600
20200304,3777699,3840100,3705100,3837900,5487300
20200305,3810000,3913999,3686400,3727799,8747000
20200306,3677000,3713099,3568500,3689700,8147200
20200309,3438599,3574700,3417200,3464899,7405500
20200310,3564299,3645400,3478500,3641300,7604400
20200311,3589200,3629800,3447900,3499200,6036000
20200312,3265000,3357200,3073200,3152500,12071600
20200313,3305100,3364200,3073900,3362999,9458200
20200316,3066300,3343500,2947500,2988399,10559900
20200317,3061900,3228999,2902500,3197500,10013900
20200318,3023999,3315799,3000000,3154700,12593600
20200319,3243299,3485100,3168200,3320299,10616000
20200320,3423099,3504899,3320000,3328299,10853800
20200323,3478900,3661099,3408800,3602699,13449400
20200324,3699899,3729299,3530299,3573200,11638700
20200325,3610199,3620000,3391700,3423900,8767200
20200326,3440000,3638399,3417300,3629899,7229600
20200327,3590899,3685599,3530000,3571199,7948800
20200330,3630000,3777999,3611700,3709599,8622000
20200331,3679299,3830100,3664400,3755000,9366500
20200401,3760499,3802300,3610199,3640799,6672500
20200402,3640799,3709899,3600599,3700799,4592500
20200403,3674700,3708999,3575100,3617600,4860800
20200406,3652200,3802900,3617099,3799599,8183900
20200407,3800000,3813299,3693399,3722799,7046400
20200408,3740100,3783900,3683099,3711199,6908900
20200409,3710599,3721000,3630299,3707200,7711300
20200413,3713099,4005100,3677000,3967200,11692900
20200414,3975000,4178200,3948500,4135499,11581000
20200415,4130000,4349800,4122500,4267500,13561200
20200416,4370000,4495199,4316099,4391700,16128700
20200417,4310000,4320000,4147000,4229599,12616300
20200420,4351700,4444899,4305599,4374899,12655800
20200421,4447699,4470000,4256000,4338299,23177600
20200422,4297300,4330000,4130000,4214200,21084800
20200423,4192600,4384100,4192600,4267000,13952300
20200424,4250000,4271700,4158800,4249899,8658900
20200427,4250000,4290000,4208399,4213800,6277500
20200428,4199899,4210000,4029100,4038299,10101200
20200429,3995299,4158599,3936000,4118900,9693100
20200430,4103099,4244400,4080000,4198500,7954000
20200501,4151000,4279700,4117300,4152699,8299900
20200504,4177799,4285400,4148699,4281499,7799100
20200505,4275599,4310000,4215599,4246799,6286300
20200506,4292999,4397699,4263900,4342600,6660700
20200507,4368900,4388800,4306600,4365299,5641900
20200508,4341400,4420000,4336400,4355499,5049300
20200511,4363299,4448900,4355599,4405199,5486000
20200512,4420000,4441700,4313599,4318200,4598200
20200513,4356900,4470000,4272699,4382699,7014600
20200514,4448999,4523800,4328200,4419500,9007500
20200515,4407000,4550000,4375100,4541900,7244000
20200518,4511600,4563599,4433500,4525799,7773500
20200519,4533999,4589700,4504700,4510400,4810500
20200520,4542500,4558099,4440000,4476700,5607300
20200521,4485599,4489599,4302500,4362500,9117300
20200522,4370000,4390899,4271799,4293200,5422300
20200526,4277699,4285000,4131400,4147699,7881100
20200527,4103800,4200199,3978599,4198900,10446300
20200528,4172399,4223699,4115000,4134400,5655100
20200529,4174599,4202999,4118500,4197300,5254900
20200601,4188299,4267200,4159800,4259200,3743700
20200602,4258699,4275899,4194599,4273099,3494800
20200603,4269500,4271000,4180499,4219700,4316000
20200604,4223900,4287099,4100299,4143299,5410500
20200605,4072900,4202399,4042500,4196000,5099600
20200608,4160000,4207999,4065000,4194899,5851500
20200609,4216499,4347300,4203099,4340499,6797000
20200610,4360000,4396900,4305499,4344800,4896900
20200611,4282000,4455700,4241600,4255599,7462900
20200612,4290000,4340599,4124500,4180700,6461100
20200615,4213999,4264899,4154200,4255000,4467900
20200616,4257600,4379599,4251799,4361300,5507900
20200617,4418200,4504599,4392200,4477699,6529600
20200618,4487300,4527600,4427999,4498699,4277600
20200619,4491199,4539700,4456000,4537200,5934500
20200622,4550100,4685899,4542099,4680400,6272100
20200623,4665000,4740100,4645000,4662600,5948400
20200624,4685400,4723599,4540000,4578500,4826200
20200625,4588599,4670100,4540000,4659100,4134500
20200626,4663900,4680299,4422399,4433999,6804700
20200629,4452300,4476700,4321400,4472399,4844000
20200630,4500199,4575899,4470000,4550400,4198500
20200701,4540000,4882300,4540000,4856400,9705900
20200702,4856400,4922799,4755299,4768900,6351500
20200706,4807699,4995000,4797999,4938099,7839000
20200707,4973099,5048200,4908299,4931600,5669900
20200708,4985799,5051000,4938099,5027799,5691700
20200709,5083999,5100000,4957799,5077600,5840500
20200710,5197299,5558800,5112799,5487299,21605600
20200713,5679799,5753699,5209600,5255000,18399000
20200714,5170800,5255000,4904899,5248800,15083300
20200715,5162999,5290000,5101799,5232600,10066700
20200716,5264799,5355399,5043599,5273900,24499000
20200717,4948699,5035899,4841400,4929899,24991400
20200720,4891400,5045000,4842000,5024100,11940300
20200721,5060000,5062200,4886099,4901000,9113700
20200722,4921900,4972000,4872000,4898200,6954100
20200723,4911300,4918999,4720199,4775799,7722000
20200724,4687699,4871700,4675400,4804500,7746200
20200727,4845100,4969200,4823099,4956499,7863100
20200728,4960199,4977900,4877600,4885100,5986700
20200729,4922500,4949200,4841300,4844800,6611800
20200730,4807099,4883500,4775100,4857999,6608600
20200731,4882900,4947999,4845000,4888800,5916300
20200803,4908599,5030899,4902300,4986199,5873100
20200804,4986499,5104400,4986499,5096400,5608000
20200805,5086799,5101000,5012000,5021099,4308200
20200806,5041099,5108200,4987000,5090799,3725900
20200807,5054500,5082900,4866799,4947300,5910300
20200810,4933500,4974599,4786300,4833800,4691200
20200811,4797500,4809200,4665499,4669299,7329200
20200812,4713399,4824899,4701799,4754700,5439200
20200813,4783999,4844500,4764500,4813299,3008900
20200814,4828200,4883299,4802099,4826799,2943500
20200817,4841900,4862399,4791000,4823500,2423500
20200818,4843500,4952999,4827999,4918699,3505500
20200819,4939299,4945000,4835000,4845299,3156200
20200820,4846900,4989400,4838900,4978999,5132500
20200821,4964599,4981300,4900000,4923099,3921300
20200824,4954400,5010000,4831600,4888099,4762200
20200825,4881900,4924700,4850899,4905799,5727700
20200826,4925000,5490399,4920799,5475300,20373700
20200827,5377800,5410000,5212500,5262700,9062900
20200828,5320000,5390000,5220000,5238900,4417500
20200831,5211599,5319899,5175800,5295599,4941400
20200901,5325999,5573900,5324500,5565499,9572700
20200902,5537800,5565000,5373699,5528400,5886900
20200903,5450000,5540000,5213200,5257500,9071100
20200904,5201799,5273599,4859800,5160499,8270100
20200908,4983999,5220000,4950000,5070199,5572700
20200909,5192100,5200000,4925700,5001900,6848100
20200910,5033500,5062900,4788399,4806700,6240200
20200911,4864899,4937300,4768099,4820299,5035200
20200914,4806199,4889899,4712999,4762600,7359100
20200915,4840000,4974700,4816300,4959899,5337000
20200916,4999899,5046600,4833099,4838599,4394900
20200917,4751600,4783999,4632699,4702000,5379300
20200918,4725100,4793999,4586000,4699599,6717700
20200921,4676900,4877799,4663200,4873500,5457500
20200922,4890100,4918200,4792600,4911700,3482300
20200923,4910400,4910400,4690000,4706099,3726400
20200924,4705299,4770000,4678200,4730799,3727200
20200925,4743900,4848699,4680299,4828800,3769400
20200928,4891099,4920000,4778800,4906499,4773500
20200929,4895000,4962900,4865299,4934800,3541500
20200930,4925700,5046300,4892699,5000299,4634100
20201001,5060299,5295499,5036000,5275100,8153700
20201002,5164299,5263699,5027000,5030599,6071200
20201005,5067999,5209899,5017000,5206500,4088100
20201006,5187199,5218200,5041600,5058699,4199000
20201007,5180000,5364899,5158200,5346599,7988700
20201008,5334799,5350000,5241500,5317899,5386500
20201009,5378300,5442800,5350000,5394400,4781300
20201012,5488099,5518099,5382399,5398099,5391100
20201013,5405599,5576500,5372000,5540900,5602500
20201014,5626099,5724899,5410000,5414500,9499000
20201015,5455200,5512199,5350999,5419400,5113100
20201016,5495000,5543300,5300300,5307899,6347400
20201019,5370700,5417999,5253800,5307199,7567500
20201020,5281400,5337800,5222600,5254199,10047200
20201021,5010299,5068500,4882500,4890499,17405700
20201022,4946900,4951400,4820000,4852300,6997900
20201023,4881099,4900599,4813500,4882799,4927900
20201026,4870299,4968200,4788999,4882399,6186100
20201027,4900100,4904899,4829299,4889299,3627200
20201028,4863599,4940000,4832799,4862399,5992700
20201029,4885000,5139000,4793399,5042099,11120700
20201030,5020100,5058800,4722099,4757399,7807900
20201102,4788699,4862999,4750000,4841199,4408200
20201103,4849299,4953099,4787600,4872200,3690200
20201104,4953599,5077300,4939800,4969500,5137300
20201105,5065599,5187299,5034500,5137600,5372800
20201106,5150000,5152100,5025100,5147299,4236300
20201109,4855400,4958500,4672600,4705000,10419700
20201110,4709500,4846000,4634100,4802399,8306100
20201111,4830000,4916799,4782600,4907600,5460500
20201112,4910000,4965199,4804299,4867699,5063700
20201113,4867699,4889400,4777999,4828399,3002700
20201116,4800000,4855799,4772999,4791000,3953600
20201117,4801199,4875100,4788500,4806300,3698100
20201118,4819500,4886099,4777200,4817900,3629200
20201119,4820000,4877999,4804700,4846700,2254700
20201120,4852200,4947600,4815700,4882399,4253400
20201123,4904599,4911499,4758399,4766199,5416600
20201124,4788399,4840499,4758900,4828800,3550500
20201125,4851300,4868999,4789200,4850000,3598600
20201127,4865799,4932500,4818500,4913599,2805800
20201130,4900799,4925499,4812699,4907000,3530900
20201201,4923399,5094700,4919800,5045799,5052700
20201202,5016199,5067999,4935000,5033800,3028400
20201203,5029899,5087699,4960400,4975199,2826100
20201204,4975000,5045000,4936400,4983099,3666200
20201207,5000100,5177600,4977699,5157800,4289300
20201208,5179000,5214899,5055499,5126599,4229000
20201209,5105299,5145000,4912900,4936000,4178800
20201210,4945599,5037699,4929100,5010899,3018200
20201211,4950000,5033399,4948500,5032200,3210900
20201214,5054400,5241599,5011799,5224199,5770400
20201215,5185000,5247000,5135599,5197800,3394900
20201216,5201099,5273800,5176900,5248300,3682400
20201217,5290000,5354899,5264400,5329000,3193400
20201218,5332000,5363699,5260200,5344500,4502700
20201221,5300499,5326199,5211500,5289099,3894000
20201222,5276900,5304000,5205000,5273300,1906600
20201223,5247600,5263200,5142000,5144799,2393200
20201224,5151199,5193499,5122100,5139699,1144000
20201228,5164299,5236599,5071300,5191199,2891900
20201229,5199000,5365499,5154799,5308699,4022400
20201230,5301300,5332600,5236900,5245900,1876300
20201231,5255300,5455000,5231500,5407299,5392300
20210104,5390000,5407999,5150900,5228599,4444400
20210105,5215499,5267800,5158900,5207999,3133900
20210106,5119700,5130999,4995000,5004899,5346200
20210107,5082799,5164400,5064200,5088900,3686400
20210108,5113099,5132399,5045100,5103999,2973900
20210111,5078399,5107300,4979500,4991000,3806200
20210112,5000000,5010899,4856700,4942500,5990400
20210113,4955000,5123499,4930100,5077900,5032100
20210114,5073500,5145000,4995799,5008599,4177400
20210115,5000000,5063200,4951000,4979800,5895800
20210119,5010000,5092500,4935400,5017699,12315800
20210120,5654199,5932899,5568599,5863400,32637500
20210121,5824500,5887500,5704000,5798400,11802100
20210122,5820999,5839899,5643499,5651699,7550800
20210125,5670000,5697500,5486500,5567800,7207300
20210126,5547299,5679899,5540599,5619299,5023800
20210127,5507100,5564199,5157299,5232800,8670300
20210128,5358800,5531500,5307399,5385999,5969000
20210129,5380000,5410000,5301799,5323900,4325300
20210201,5367899,5450599,5317299,5390399,3547500
20210202,5420100,5554799,5389299,5481599,3767600
20210203,5501699,5504799,5382399,5394500,3172300
20210204,5398099,5594799,5375100,5521599,5164500
20210205,5522600,5544400,5454799,5507899,2376200
20210208,5550000,5550000,5437000,5479199,2791700
20210209,5460000,5660000,5430000,5590700,3703500
20210210,5625000,5666500,5534600,5635900,3991300
20210211,5644400,5659299,5542199,5575900,2730600
20210212,5569400,5612500,5508499,5565200,2197100
20210216,5572899,5636300,5527299,5572800,2624100
20210217,5509899,5552500,5430300,5513400,2069600
20210218,5490000,5500000,5382299,5482199,2456200
20210219,5480000,5489899,5388099,5402199,2841500
20210222,5349899,5417899,5307899,5337800,3078600
20210223,5250000,5485399,5182800,5461500,4136500
20210224,5397999,5568499,5390700,5534099,3245000
20210225,5502700,5564799,5357500,5467000,4252900
20210226,5465100,5530900,5380000,5388499,3755600
20210301,5455700,5521400,5420000,5506400,3041400
20210302,5533400,5569899,5460200,5478200,3042200
20210303,5459299,5480100,5178099,5207000,5362400
20210304,5215000,5315000,5076799,5112900,5034800
20210305,5119800,5177600,4987900,5163900,5070000
20210308,5144600,5188400,4928500,4933299,3981800
20210309,5073099,5131099,5038200,5064400,3470000
20210310,5135000,5189699,5042500,5045400,3771500
20210311,5122000,5302399,5107099,5230599,4714500
20210312,5125000,5265100,5065899,5180200,3981700
20210315,5163200,5207299,5080299,5202500,3484300
20210316,5244699,5334199,5232100,5240300,3238900
20210317,5220000,5283699,5142999,5244400,2817400
20210318,5164000,5179000,5038500,5047900,4094500
20210319,5049599,5131900,5016300,5121799,4386400
20210322,5091300,5293099,5091300,5231099,3360600
20210323,5298699,5431199,5294000,5350900,5583500
20210324,5337800,5344199,5200000,5208099,4102200
20210325,5169899,5185300,4970000,5028599,4926800
20210326,5028200,5087200,4966799,5080499,3467800
20210329,5056600,5180000,5043999,5139500,3330000
20210330,5105100,5144099,5069100,5133900,2418100
20210331,5156699,5281300,5154400,5216599,3503100
20210401,5299299,5405000,5270300,5394199,3938600
20210405,5400100,5428499,5292299,5406699,3355900
20210406,5448099,5541699,5432999,5445300,3474200
20210407,5435000,5496400,5414500,5469899,2151300
20210408,5511300,5569000,5475700,5545800,4309800
20210409,5526900,5569000,5471099,5553099,2894000
20210412,5510499,5579799,5495800,5527800,2944100
20210413,5570000,5597500,5502999,5537299,2720300
20210414,5548699,5548699,5385300,5400200,3740300
20210415,5441699,5534899,5426599,5492199,3139100
20210416,5505399,5519799,5395100,5465399,3209100
20210419,5469000,5564400,5455300,5544400,4288700
20210420,5544199,5635599,5462999,5495700,11257600
20210421,5080000,5154600,5036000,5088999,22897400
20210422,5138200,5139600,5005499,5087799,9061100
20210423,5090100,5097000,5007000,5055499,7307700
20210426,5067600,5104800,5030000,5102999,4388800
20210427,5126199,5129899,5045799,5055499,3761300
20210428,5052000,5083999,5033399,5065199,3193000
20210429,5076000,5092900,4990000,5090000,5127800
20210430,5050000,5145499,5050000,5134699,4413200
20210503,5126500,5189500,5052000,5091099,4091900
20210504,5107799,5116300,4967900,5031799,4349500
20210505,5049899,5077799,4946300,4960799,3129400
20210506,4959899,4995499,4913699,4995499,3783700
20210507,5046199,5085499,5011199,5038399,3132800
20210510,5020000,5031499,4861099,4866900,5131600
20210511,4797500,4979899,4786300,4950799,4401000
20210512,4868299,4935400,4827000,4849800,4121500
20210513,4891300,4907799,4827099,4866600,2712500
20210514,4878599,4948500,4865899,4933699,2882500
20210517,4855899,4927099,4828099,4889400,2705200
20210518,4883999,4934800,4861900,4862799,2350500
20210519,4816300,4885700,4785400,4877000,3349900
20210520,4895499,5027000,4889800,5016700,3721200
20210521,5031199,5053999,4972600,4978900,3322900
20210524,5010499,5042500,4995100,5028999,2412600
20210525,5060000,5063699,4992200,5013399,2699500
20210526,5023399,5041400,5005000,5023599,2465300
20210527,5017999,5051000,4985400,5038599,3253800
20210528,5043999,5117600,5025299,5028099,2910300
20210601,5040100,5054100,4977399,4990799,2482600
20210602,4998200,5032200,4958200,4992399,2269000
20210603,4951900,4966600,4872500,4894299,3887400
20210604,4920000,5018599,4909500,4947399,3160500
20210607,4929200,4967000,4905499,4946600,2791900
20210608,4970000,4988200,4893699,4923900,2374000
20210609,4945000,4960899,4846499,4858099,3055000
20210610,4871700,4902099,4821400,4872699,4382900
20210611,4900000,4914100,4877799,4887699,3124000
20210614,4896799,5035000,4869100,4998900,4400200
20210615,5012300,5012300,4903999,4918999,3104100
20210616,4950000,4964599,4862799,4924100,3533200
20210617,4902500,5017999,4901499,4983399,3198300
20210618,4963999,5044899,4952399,5007699,5197600
20210621,5016400,5020499,4922799,4970000,5277300
20210622,4985400,5135499,4957999,5088200,5809300
20210623,5084800,5166300,5082000,5127399,3944800
20210624,5179600,5209600,5144000,5180599,3361200
20210625,5288400,5330599,5250000,5270700,5299100
20210628,5281199,5339400,5245599,5330300,2820200
20210629,5335499,5361300,5285700,5335000,2314600
20210630,5340599,5343800,5268200,5282100,2773400
20210701,5257199,5370399,5257199,5335399,2805400
20210702,5355000,5385399,5293900,5339799,1975500
20210706,5330000,5428599,5330000,5416400,2775100
20210707,5442399,5446400,5316599,5359600,2722500
20210708,5309299,5355000,5290900,5307600,3269000
20210709,5310000,5382600,5285800,5359799,2777200
20210712,5402999,5406500,5329199,5373099,1780700
20210713,5357600,5453300,5357600,5406799,2751600
20210714,5410100,5540999,5410100,5479500,4659500
20210715,5539699,5575399,5382000,5429500,5713900
20210716,5418099,5440599,5270499,5303099,3442100
20210719,5260499,5349099,5222399,5322800,3885800
20210720,5260700,5366400,5202999,5310499,6930400
20210721,5261300,5309899,5056099,5136300,11906800
20210722,5102099,5136799,5070000,5117699,4328100
20210723,5121599,5174099,5046600,5154099,3820500
20210726,5143800,5211300,5090100,5164899,2254500
20210727,5180800,5219500,5120499,5189099,2759000
20210728,5218200,5244699,5169799,5192999,2390500
20210729,5199600,5207800,5137899,5142500,1736000
20210730,5126900,5197899,5109599,5175700,2537100
20210802,5190000,5198499,5105100,5151500,2096600
20210803,5143900,5156300,5053699,5108200,2579400
20210804,5130000,5179799,5103699,5173499,2039400
20210805,5171300,5254099,5140200,5248900,2556700
20210806,5240000,5268400,5193900,5205499,1919800
20210809,5211500,5226699,5179899,5199699,1367800
20210810,5200000,5207899,5129699,5158400,1960500
20210811,5170000,5195700,5097699,5124000,1673900
20210812,5118599,5130000,5072000,5107200,1685700
20210813,5126400,5214400,5115100,5159199,2177700
20210816,5152399,5233800,5122999,5179199,2032800
20210817,5154699,5207899,5142000,5189099,2309800
20210818,5200000,5263800,5186500,5218699,2582000
20210819,5227399,5483900,5218699,5437100,7497300
20210820,5450900,5513900,5390999,5468800,3776400
20210823,5459799,5555499,5437399,5533300,2602000
20210824,5514799,5553099,5492700,5534099,2109500
20210825,5501599,5528400,5454500,5475800,2065600
20210826,5461599,5525999,5459000,5501199,1595500
20210827,5515999,5641699,5492500,5589199,3252600
20210830,5572500,5671599,5564500,5661799,2434800
20210831,5661199,5694799,5616099,5691900,2431900
20210901,5690000,5910000,5690000,5820700,5626200
20210902,5836799,5987600,5836799,5885499,6179900
20210903,5857999,5918800,5831400,5905300,2681200
20210907,5946900,6138499,5939899,6067100,5821400
20210908,6038400,6155999,5957100,6060499,5424500
20210909,6064699,6094400,5965499,5975399,2954200
20210910,5981599,6094500,5936699,5987199,3950800
20210913,5985700,5985700,5827800,5892899,3062900
20210914,5848900,5872800,5755599,5777600,3457000
20210915,5781699,5846199,5753699,5828699,2755600
20210916,5842999,5874799,5777199,5865000,1832000
20210917,5878499,5902800,5808499,5893499,4145100
20210920,5867899,5915300,5680800,5754299,3732200
20210921,5783099,5818800,5693699,5731400,2250900
20210922,5796900,5956500,5796900,5906500,4021800
20210923,5907899,5993200,5891300,5932600,2526200
20210924,5925000,5929799,5836400,5923900,2126200
20210927,5879500,5935800,5769299,5926400,2504700
20210928,5890000,5995399,5801599,5838499,4431100
20210929,5890100,6098800,5880100,5990599,6221000
20210930,6080499,6190000,6080499,6103400,6612600
20211001,6042399,6149899,5975100,6131500,4090800
20211004,6133900,6261300,5946799,6033499,4995900
20211005,6069400,6403900,6068900,6348099,9534300
20211006,6281799,6398699,6263599,6390999,4580400
20211007,6422299,6468400,6304500,6318499,3556900
20211008,6341699,6437999,6308599,6326599,3272100
20211011,6332000,6394199,6267800,6270399,2862500
20211012,6330200,6376599,6219899,6249400,3227300
20211013,6321799,6321799,6220999,6297600,2420300
20211014,6322299,6368800,6267899,6337999,2671700
20211015,6380000,6394199,6251599,6282899,4116900
20211018,6320999,6384099,6205900,6379699,4669100
20211019,6369699,6410000,6322999,6390000,7633100
20211020,6255700,6374000,6171500,6251400,10622000
20211021,6288900,6540100,6286500,6531599,8437100
20211022,6518099,6654600,6518099,6647800,6186000
20211025,6637399,6758800,6570700,6716599,3833500
20211026,6737600,6764899,6627700,6685200,2904800
20211027,6690000,6714099,6618499,6629199,2276900
20211028,6709500,6767999,6680300,6740499,2859400
20211029,6730599,6909699,6712399,6903099,3825300
20211101,6890599,6899699,6765399,6811699,3110900
20211102,6831099,6876799,6738200,6777199,3888600
20211103,6772700,6893900,6772700,6882899,2334900
20211104,6858900,6859400,6655000,6684000,4865000
20211105,6639699,6656400,6450100,6457199,5283500
20211108,6502899,6560000,6437899,6514500,2887500
20211109,6537000,6605000,6505200,6559899,2415600
20211110,6530100,6603300,6421099,6469099,2405800
20211111,6502399,6658200,6497100,6575800,2868300
20211112,6600100,6833400,6538200,6826099,4198400
20211115,6812399,6852600,6714899,6793300,2872200
20211116,6782700,6883599,6769000,6874000,2077400
20211117,6900000,7009899,6860900,6916900,2732800
20211118,6916099,6917399,6797399,6820200,2012900
20211119,6923499,6941599,6750000,6787999,2613700
20211122,6760200,6794799,6564699,6592000,2764400
20211123,6581799,6664299,6460499,6540599,2320200
20211124,6580100,6614400,6510999,6582899,1867300
20211126,6750000,6764099,6606699,6656400,2872500
20211129,6632000,6679899,6582899,6638400,2529400
20211130,6682000,6753800,6400100,6419000,5608900
20211201,6494799,6545200,6170700,6177700,3882800
20211202,6170999,6253599,6128800,6164699,3331100
20211203,6227500,6255000,5940000,6021300,4829300
20211206,6060100,6172899,6010000,6126900,3075700
20211207,6198300,6288900,6114000,6255800,3125200
20211208,6300000,6324600,6232000,6280800,2220300
20211209,6275800,6302399,6104400,6110000,2376300
20211210,6167800,6177399,6058800,6116599,2748800
20211213,6120000,6126400,5995200,6045599,2517900
20211214,5987100,6022899,5881300,5979899,2984500
20211215,5981799,6056900,5845100,6050399,2866200
20211216,5970900,6028300,5880000,5910599,3143200
20211217,5916099,5932500,5817399,5867299,4386900
20211220,5864299,6028800,5842600,5937399,3358400
20211221,5975399,6078200,5938599,6049199,2319400
20211222,6033599,6148200,6026300,6142399,2335700
20211223,6164000,6168800,6075700,6140900,1621100
20211227,6150000,6150000,6092500,6131199,2061500
20211228,6149500,6184099,6096900,6107100,1882800
20211229,6107100,6139799,6046799,6105399,1287200
20211230,6129899,6206099,6112399,6120900,1625100
20211231,6100100,6140800,6020499,6024400,1995900
20220103,6056099,6099899,5905599,5973699,3067500
20220104,5999099,6004099,5815999,5911500,4393100
20220105,5920000,5928400,5668800,5675200,4148700
20220106,5543400,5633599,5420100,5532899,5711800
20220107,5494600,5534299,5382199,5410599,3382900
20220110,5384899,5436900,5263200,5398499,4486100
20220111,5369899,5439099,5300700,5408400,3077800
20220112,5442700,5442700,5320200,5372199,3787400
20220113,5370599,5407899,5182600,5192000,4475100
20220114,5175999,5383699,5118800,5256900,7861100
20220118,5200800,5217500,5086799,5107999,4839100
20220119,5150000,5232100,5105100,5158599,4353500
20220120,5177500,5266400,5069299,5082500,12659000
20220121,4004299,4091499,3799899,3975000,58904300
20220124,3839100,3872600,3514599,3871499,32346000
20220125,3791400,3877099,3651300,3664200,15145800
20220126,3782699,3826600,3566199,3597000,12684000
20220127,3820599,3947999,3781000,3867000,24324700
20220128,3867600,3870000,3720799,3843599,11966600
20220131,4019700,4277000,3982000,4271400,20047500
20220201,4329599,4584800,4255400,4571300,22568100
20220202,4482500,4519800,4264800,4294800,14346000
20220203,4214400,4292600,4042799,4056000,9905200
20220204,4073099,4127699,3966400,4101700,7789800
20220207,4101700,4123500,3935499,4021000,8232900
20220208,3981799,4066099,3958299,4035299,6818500
20220209,4086499,4129800,3987900,4128900,7738200
20220210,4021000,4080000,3963599,4062699,8452900
20220211,4053299,4116099,3876499,3913099,7558900
20220214,3875899,4093599,3868900,3965700,7202200
20220215,4037900,4091600,4010100,4074599,5392300
20220216,4015299,4015599,3903800,3980799,5277700
20220217,3942399,3991099,3857000,3866700,4669200
20220218,3925299,4028699,3890499,3912900,6801700
20220222,3889500,3924200,3730199,3773800,6697500
20220223,3827200,3860000,3666600,3674599,4614300
20220224,3550899,3907300,3547200,3900299,7068700
20220225,3866099,3912900,3755799,3907999,4841600
20220228,3873299,3977500,3821300,3945199,5035000
20220301,3916000,3950000,3837099,3862399,3290400
20220302,3889299,3892200,3752099,3800299,5356800
20220303,3860000,3861199,3646499,3680700,6076800
20220304,3680000,3748200,3571700,3617300,5325500
20220307,3604100,3620000,3502000,3502600,5708400
20220308,3497999,3588599,3406700,3417600,6428700
20220309,3576900,3641400,3505100,3587900,6520200
20220310,3562000,3670199,3532999,3567699,4807800
20220311,3611900,3633599,3400000,3403200,4819900
20220314,3387200,3413200,3298200,3310100,5907800
20220315,3351000,3453599,3323599,3437500,5460600
20220316,3482000,3599899,3430599,3575299,6982500
20220317,3597000,3733099,3548800,3713999,5818300
20220318,3720000,3817999,3684700,3806000,8324800
20220321,3780199,3818200,3689400,3745899,4866500
20220322,3711400,3866600,3667600,3829200,4242800
20220323,3797699,3824599,3744899,3744899,3729000
20220324,3797600,3797600,3688999,3757099,3888500
20220325,3770700,3776400,3664299,3738500,3574500
20220328,3752300,3802799,3667300,3785100,4323400
20220329,3843900,3965000,3803299,3918200,5880700
20220330,3895499,3927000,3786300,3814700,4023300
20220331,3835899,3840000,3736099,3745899,4134700
20220401,3767999,3808699,3685000,3734700,4644200
20220404,3735499,3960199,3731300,3915000,7001800
20220405,3892999,3900000,3773099,3801499,4234500
20220406,3741499,3764700,3627300,3683500,4354900
20220407,3650000,3685400,3536900,3621499,4948900
20220408,3619599,3625000,3548699,3558800,4025200
20220411,3500000,3547799,3452000,3480000,3777100
20220412,3559100,3594100,3422500,3441000,3824300
20220413,3439200,3520000,3411600,3504299,3231000
20220414,3509500,3520000,3398599,3411300,4343800
20220418,3400000,3423599,3316199,3378599,5105000
20220419,3332200,3516799,3332200,3486099,20906900
20220420,2451999,2486999,2125099,2261900,133387500
20220421,2200000,2276799,2115200,2182200,53501600
20220422,2201799,2262700,2100500,2155200,37515100
20220425,2138099,2166600,2045099,2099100,28152000
20220426,2088000,2091499,1982799,1983999,20318100
20220427,1940099,2001900,1877700,1885399,22298400
20220428,1915599,2014799,1856000,1995200,21363200
20220429,1986799,2047100,1900000,1903600,16391900
20220502,1917100,2002100,1900099,1994600,14591600
20220503,1982899,2031999,1947700,1998699,11839400
20220504,1976499,2043800,1910099,2040099,12218800
20220505,2004499,2007100,1860000,1883200,13971300
20220506,1867500,1872100,1758099,1809700,17185500
20220509,1776600,1831999,1723000,1731000,14031300
20220510,1760099,1818699,1705700,1776600,13883900
20220511,1760899,1809199,1655500,1663699,12665500
20220512,1639600,1775800,1627100,1743099,17662100
20220513,1771600,1877700,1760099,1876399,13136300
20220516,1933000,1958899,1856999,1865099,16145000
20220517,1891699,1913999,1851699,1905599,9876700
20220518,1867200,1876999,1762700,1771900,9665600
20220519,1780500,1863000,1757100,1834799,10448500
20220520,1858699,1901900,1797700,1863500,10429400
20220523,1861499,1876600,1778899,1874400,9602000
20220524,1820000,1840000,1771699,1803399,7706400
20220525,1802799,1888699,1801699,1878300,8522100
20220526,1864900,1923399,1830899,1913999,8049900
20220527,1931900,1952500,1903699,1951900,8586000
20220531,1961799,1999499,1908000,1974400,11398500
20220601,1986999,2027400,1916600,1929100,8416200
20220602,1920200,2054700,1917200,2050899,9623100
20220603,2001399,2029499,1980500,1989799,7191800
20220606,2020899,2038699,1953800,1971399,5372000
20220607,1948699,1996000,1930000,1986100,4839500
20220608,1979499,2073800,1976399,2028300,7244100
20220609,2006499,2016900,1925399,1927700,6949000
20220610,1826399,1858600,1808500,1829400,13065600
20220613,1770700,1790899,1689600,1696900,10222400
20220614,1697500,1720599,1642799,1675399,11555300
20220615,1692599,1838500,1685299,1801100,12396000
20220616,1740000,1762700,1715599,1733500,8201300
20220617,1736300,1796499,1733399,1755099,12133400
20220621,1776000,1786199,1698000,1709100,12177600
20220622,1707500,1828200,1701999,1788899,11992400
20220623,1805000,1827599,1758699,1817100,9538200
20220624,1835000,1911900,1818399,1908500,12424000
20220627,1917700,1917799,1823899,1891399,8363900
20220628,1891999,1921999,1793699,1796000,7185400
20220629,1795500,1806699,1751000,1783600,5766800
20220630,1770700,1794499,1703000,1748699,7894700
20220701,1764900,1801000,1742700,1799499,5201600
20220705,1762799,1859199,1726799,1858800,7334300
20220706,1851999,1862200,1808200,1840599,5753400
20220707,1842700,1902100,1835000,1892700,6334500
20220708,1860200,1899100,1827500,1869799,5835700
20220711,1847299,1849900,1768899,1773399,6038800
20220712,1773300,1797799,1734199,1744499,6845300
20220713,1705000,1791799,1696999,1765599,12734400
20220714,1755599,1775200,1718200,1747799,9039500
20220715,1755800,1892200,1745599,1891100,16319100
20220718,1925000,1996699,1898000,1909199,16322800
20220719,1930200,2019700,1883999,2016300,28178700
20220720,2081699,2169700,2001000,2164400,53920300
20220721,2143000,2243200,2115000,2238800,23430100
20220722,2223800,2293500,2184400,2204400,17805500
20220725,2213099,2252299,2163500,2185099,10935200
20220726,2166600,2193899,2116399,2139100,9508500
20220727,2164799,2277799,2145800,2267500,10508400
20220728,2246000,2281000,2196699,2260200,8972700
20220729,2232899,2307500,2223999,2248999,9064900
20220801,2231000,2283899,2210000,2262100,5525000
20220802,2227599,2281999,2208800,2214199,6361300
20220803,2247899,2281000,2224199,2267299,6400700
20220804,2276799,2320700,2250500,2299100,7142700
20220805,2253000,2286199,2228699,2267799,5539700
20220808,2274900,2419600,2264100,2334900,10982100
20220809,2316199,2321999,2246499,2299400,6181200
20220810,2369900,2445399,2366000,2441100,9254800
20220811,2446799,2516199,2415099,2426999,8780100
20220812,2448099,2494100,2437599,2493000,6098500
20220815,2481100,2519900,2475099,2491100,6527400
20220816,2471600,2492899,2440299,2456900,5136800
20220817,2411799,2442400,2375599,2411499,5627200
20220818,2419600,2464799,2392799,2451699,5280400
20220819,2409499,2432899,2356799,2411600,7504700
20220822,2325500,2334799,2245899,2265399,8630100
20220823,2264600,2298999,2243000,2245500,5276900
20220824,2256600,2341000,2239400,2296100,5426300
20220825,2302400,2341600,2290000,2339799,3766900
20220826,2336300,2369499,2231499,2232799,5349800
20220829,2219299,2298699,2215200,2245700,7109400
20220830,2266600,2297899,2187400,2206499,5740400
20220831,2270000,2338800,2234299,2235599,8615900
20220901,2207200,2303699,2194700,2300399,7292900
20220902,2310299,2338800,2250399,2261100,8164900
20220906,2255899,2268500,2146900,2183899,7469000
20220907,2202100,2293300,2182700,2289600,8149300
20220908,2241600,2287400,2213000,2274400,6737400
20220909,2296199,2347799,2296199,2335700,6699600
20220912,2336100,2394900,2333699,2365299,6047400
20220913,2265000,2276900,2177200,2181300,8000100
20220914,2198200,2280000,2158000,2241199,8230300
20220915,2304700,2422899,2291000,2353800,19454100
20220916,2312200,2413600,2278300,2401300,18914200
20220919,2450500,2452500,2357500,2436300,17912400
20220920,2403699,2504900,2396600,2428500,16037400
20220921,2426699,2483000,2366799,2368699,9166800
20220922,2353500,2405000,2316600,2370500,10018000
20220923,2351399,2364499,2214299,2264100,11207200
20220926,2256000,2326999,2230099,2240700,8234300
20220927,2286300,2306399,2207200,2243600,7762200
20220928,2296900,2466499,2273800,2451999,17579700
20220929,2416100,2469799,2356799,2397100,18994900
20220930,2370000,2424400,2332599,2354400,11848600
20221003,2378500,2415399,2328500,2390399,8657400
20221004,2448399,2458000,2332500,2407400,13925900
20221005,2387599,2415899,2273800,2367299,10825600
20221006,2366799,2442799,2339100,2400200,9188900
20221007,2357700,2373300,2242799,2247500,9806100
20221010,2256399,2338300,2242299,2299799,9991100
20221011,2260500,2304400,2136999,2142899,15282400
20221012,2143000,2236699,2126399,2208699,12952600
20221013,2126900,2344700,2117299,2325099,17505000
20221014,2378000,2388000,2295099,2300000,15293400
20221017,2344100,2499199,2343999,2451000,21057800
20221018,2498000,2503699,2377299,2408600,25776700
20221019,2650000,2792999,2626600,2723800,46685300
20221020,2727799,2783800,2663800,2681600,17207100
20221021,2689500,2907500,2656799,2895700,24889100
20221024,2902300,2904899,2803599,2824500,13326400
20221025,2869500,2975899,2855499,2910199,15100700
20221026,2900400,3056300,2880400,2986199,15714100
20221027,2983299,3052099,2947799,2969400,14612600
20221028,2977000,3011900,2922900,2957200,9960500
20221031,2951300,2976199,2895000,2918800,7505100
20221101,2961700,2997000,2864200,2867500,6916400
20221102,2863999,2873299,2728399,2730000,10367600
20221103,2712500,2762900,2687999,2690599,7057400
20221104,2720199,2749700,2553200,2607900,11124700
20221107,2610599,2611499,2520899,2586000,7927000
20221108,2599200,2660799,2568800,2634599,7683800
20221109,2596600,2608999,2542200,2546600,7266000
20221110,2659899,2753599,2600899,2749700,9667300
20221111,2744700,2906600,2715599,2901300,9573800
20221114,2900000,3110000,2881900,2992699,17978200
20221115,3092000,3127099,3025499,3102000,14626900
20221116,3099400,3104899,3036099,3060199,8038600
20221117,2947200,2998200,2910000,2952799,9838200
20221118,2973299,2980000,2870000,2879800,8400100
20221121,2910000,2918699,2826600,2850499,7256500
20221122,2849899,2869800,2773399,2866900,6245100
20221123,2859100,2924700,2837600,2915000,5919000
20221125,2890000,2892099,2841700,2855400,3236000
20221128,2840000,2895499,2805299,2811700,4703400
20221129,2825000,2829599,2759400,2809599,5786900
20221130,2813699,3082600,2804100,3055299,16070100
20221201,3039899,3197999,3030299,3169500,14664900
20221202,3104899,3219899,3100000,3204100,12690600
20221205,3164599,3227699,3109200,3125899,8423000
20221206,3110000,3132200,3031300,3055599,7195400
20221207,3065000,3096099,3021000,3084200,7821600
20221208,3091099,3123800,3048099,3102600,7205300
20221209,3214500,3290000,3195199,3200100,14364000
20221212,3200000,3231799,3088500,3151799,10148600
20221213,3280000,3327200,3172000,3203399,10756400
20221214,3189700,3247099,3144200,3178299,7543300
20221215,3021199,3033900,2865499,2904100,17724600
20221216,2887600,2947200,2887000,2907099,14080000
20221219,2897300,2922500,2861300,2882999,6163700
20221220,2812399,2892799,2808099,2881900,6918100
20221221,2899899,3006600,2865000,2979599,6376200
20221222,2980899,2988800,2908099,2977500,7856200
20221223,2961799,2984599,2919100,2949599,4251100
20221227,2931900,2935700,2821300,2841700,5778100
20221228,2819200,2851900,2734100,2768800,5964400
20221229,2831799,2955000,2810100,2911199,9588500
20221230,2855299,2950100,2832200,2948800,7566900
20230103,2980599,2983900,2887000,2949500,6764000
20230104,2982399,3111400,2955100,3094100,9345100
20230105,3070000,3141799,3045499,3097000,8328400
20230106,3115700,3167699,3036900,3155499,8959800
20230109,3168299,3217000,3132200,3151700,6766600
20230110,3110700,3293500,3110700,3275400,13072300
20230111,3265000,3288800,3213500,3272600,9579700
20230112,3325000,3329500,3231400,3301300,10856200
20230113,3299700,3366499,3288900,3328200,8286800
20230117,3310799,3325000,3236000,3262200,9247000
20230118,3267500,3300799,3212500,3263299,7814100
20230119,3225700,3248900,3133900,3157799,18008200
20230120,3367900,3440000,3326300,3425000,28430300
20230123,3417200,3622500,3406300,3574200,15646900
20230124,3575299,3656499,3551400,3638299,11796500
20230125,3605700,3688999,3585000,3679599,7766900
20230126,3687699,3690199,3617000,3648699,8256800
20230127,3632000,3659200,3605899,3607699,6703500
20230130,3584400,3609500,3528599,3531099,5127600
20230131,3499800,3559500,3487099,3538599,5660700
20230201,3538599,3653900,3499100,3619899,8005200
20230202,3651600,3683200,3584299,3668900,7857000
20230203,3590799,3794299,3590000,3658999,9402000
20230206,3636400,3684500,3606799,3614800,4994900
20230207,3585100,3641799,3541799,3629500,6289400
20230208,3600199,3681900,3583099,3668299,6253200
20230209,3724100,3738299,3617399,3625000,6901100
20230210,3591600,3621400,3471400,3473599,7291100
20230213,3495000,3597000,3442500,3585700,7134400
20230214,3575499,3637500,3533999,3599599,4624800
20230215,3566300,3628800,3542399,3614200,3966000
20230216,3550000,3615000,3503099,3507099,5215700
20230217,3479100,3490000,3424400,3479599,5294700
20230221,3428500,3441300,3364200,3375000,5710300
20230222,3375000,3419100,3328200,3348800,4546200
20230223,3312300,3312799,3142999,3236499,13238700
20230224,3192999,3215000,3145199,3171499,6830700
20230227,3238699,3300000,3221199,3230299,6142600
20230228,3237000,3276199,3211700,3221300,3676100
20230301,3215499,3266000,3123599,3134800,4911300
20230302,3109599,3155700,3103800,3118800,4911000
20230303,3154500,3174899,3108200,3151799,5953300
20230306,3170000,3232999,3118399,3120299,5660700
20230307,3126799,3142999,3066199,3084700,4553100
20230308,3092900,3118299,3057500,3117900,3479500
20230309,3120799,3125100,2948800,2977799,7443400
20230310,2978999,2987900,2890000,2927600,5759300
20230313,2873399,2992399,2853299,2935100,6292400
20230314,2959700,2974500,2903099,2949400,5956700
20230315,2925100,3063099,2922799,3037900,9215300
20230316,3047500,3166000,3017099,3100599,7903700
20230317,3100599,3107600,3000000,3035000,6918800
20230320,2997900,3075000,2960000,3051300,5113400
20230321,3063200,3079200,3004299,3057900,4886300
20230322,3063099,3064500,2935400,2938999,5808000
20230323,3046799,3227799,3041400,3203699,15653300
20230324,3206300,3318299,3206300,3283900,12991700
20230327,3275499,3364400,3244100,3276600,8625800
20230328,3260599,3333200,3212799,3235199,6489400
20230329,3262900,3328500,3257300,3320299,6287300
20230330,3402699,3432900,3352999,3384299,7131500
20230331,3400499,3458399,3372000,3454800,5610200
20230403,3418299,3485799,3403999,3482799,4413700
20230404,3484899,3497999,3439500,3467500,3298100
20230405,3452999,3454299,3362500,3423500,4205500
20230406,3393399,3404800,3326300,3393299,4660500
20230410,3352699,3398800,3333599,3389899,2657900
20230411,3434500,3471400,3376400,3382099,4044800
20230412,3408099,3427999,3300400,3310299,3965400
20230413,3399899,3464299,3387500,3461900,7406400
20230414,3429400,3448500,3364100,3386300,5350500
20230417,3380000,3383900,3275000,3327200,6136000
20230418,3350000,3371900,3305000,3337000,17944500
20230419,3242099,3257500,3161000,3231199,22128300
20230420,3203900,3314299,3183299,3253500,9947800
20230421,3230000,3282900,3195000,3279800,6348000
20230424,3302000,3346600,3267500,3290199,5586600
20230425,3285000,3286600,3211000,3225499,5426600
20230426,3213599,3258999,3204700,3211499,4623200
20230427,3242999,3274500,3174400,3258500,5618800
20230428,3252399,3308099,3240000,3299299,4228400
20230501,3294400,3312300,3180899,3241199,5341500
20230502,3250000,3260700,3156199,3175499,4318600
20230503,3175499,3246199,3158500,3192999,5064100
20230504,3190100,3236099,3179500,3207799,3879700
20230505,3236099,3241499,3194400,3227600,3990600
20230508,3229899,3325599,3220299,3312099,5488600
20230509,3306700,3363200,3297399,3321400,5544900
20230510,3352099,3371099,3295100,3354200,4289900
20230511,3349800,3454700,3318399,3447600,8033500
20230512,3447600,3481700,3373599,3398900,6082400
20230515,3406199,3418999,3355400,3358900,3653000
20230516,3340000,3351700,3319100,3337500,3332200
20230517,3317600,3413800,3296199,3399599,3958800
20230518,3472500,3758699,3463699,3712900,20925200
20230519,3698599,3699899,3638099,3653599,7859700
20230522,3653599,3720100,3625000,3630100,5406400
20230523,3602399,3641700,3543099,3559899,6866100
20230524,3569299,3671499,3566300,3648500,7973300
20230525,3596099,3674500,3574200,3590000,6263100
20230526,3611000,3837600,3560000,3788800,9360400
20230530,3974800,4051099,3857900,3929800,10865000
20230531,3918900,3962600,3889100,3952300,6988000
20230601,3974100,4075199,3930799,4031300,7160100
20230602,4028900,4065799,3958999,4004700,5902400
20230605,4004700,4138599,4001499,4035400,7247400
20230606,4050000,4051199,3969299,3992900,4991500
20230607,4104299,4189500,3992300,3997699,11932400
20230608,3997699,4095400,3963399,4093699,5991100
20230609,4245000,4258999,4147600,4200199,12363000
20230612,4188299,4247000,4165700,4239700,5959500
20230613,4300100,4372699,4283999,4357300,7820500
20230614,4349899,4473299,4335000,4408599,8413100
20230615,4441000,4486499,4395000,4452699,7099900
20230616,4461499,4475100,4308999,4319599,8753700
20230620,4301799,4400000,4300000,4347000,4756000
20230621,4326499,4345499,4225400,4244500,5146400
20230622,4229299,4247099,4186799,4224800,4869500
20230623,4185899,4258200,4177300,4240199,8298600
20230626,4224400,4309599,4148999,4159400,4640000
20230627,4173900,4208800,4115000,4170799,4818100
20230628,4231000,4372900,4228900,4298399,8811300
20230629,4343299,4378500,4261499,4282399,4932300
20230630,4311000,4441199,4311000,4404899,7346400
20230703,4397600,4415499,4316199,4414400,3733200
20230705,4449100,4509700,4396199,4458999,6869500
20230706,4400000,4427999,4307200,4388399,4938800
20230707,4386000,4423299,4358399,4381000,4165100
20230710,4385199,4444100,4368200,4417099,4251700
20230711,4386499,4407999,4310400,4402099,4569200
20230712,4445499,4454100,4377500,4440499,5731700
20230713,4470000,4516700,4411799,4503800,6157500
20230714,4527900,4564800,4397000,4419100,7195900
20230717,4455700,4566799,4451099,4500499,6891700
20230718,4510000,4781499,4487799,4747999,13041800
20230719,4768599,4850000,4700000,4775899,20996500
20230720,4470000,4485000,4320000,4374200,23989700
20230721,4373699,4382399,4231900,4275000,17340000
20230724,4250000,4286400,4191900,4283699,8264400
20230725,4271799,4308800,4261300,4277000,4859800
20230726,4242000,4252600,4155899,4226700,6009200
20230727,4268999,4275199,4118800,4131700,6594500
20230728,4155599,4274700,4137600,4257799,6424200
20230731,4265100,4391300,4262999,4389700,6587600
20230801,4373699,4452500,4313999,4386199,5711500
20230802,4352300,4355599,4265599,4297000,4912200
20230803,4277999,4419299,4271900,4310000,6243900
20230804,4330599,4365000,4262699,4316000,5441800
20230807,4364599,4411099,4289100,4407600,4781300
20230808,4403599,4435700,4351000,4382999,3767200
20230809,4397399,4406199,4275899,4288999,3846600
20230810,4311199,4381199,4286900,4299800,5467600
20230811,4289800,4306300,4213299,4216600,3927900
20230814,4219899,4288500,4187799,4277799,3966000
20230815,4244100,4291199,4210400,4237000,3368000
20230816,4237300,4245100,4152500,4154500,3967000
20230817,4150000,4152399,4015799,4030000,6031500
20230818,3993299,4065199,3981499,4045299,4312200
20230821,4022300,4096099,3995000,4082900,3861600
20230822,4090000,4157399,4073999,4131700,3599700
20230823,4183999,4370199,4177099,4275499,8174700
20230824,4254100,4275899,4061700,4069299,5687800
20230825,4120000,4192500,4075599,4160299,5390900
20230828,4180400,4198299,4132699,4180599,2928600
20230829,4160000,4321700,4145000,4299899,4486700
20230830,4308500,4381600,4283500,4346700,3625400
20230831,4312300,4371499,4312300,4336799,3803000
20230901,4377300,4455000,4359299,4398800,4793400
20230905,4383900,4534500,4380000,4486799,6155900
20230906,4486099,4513900,4404899,4457600,3862300
20230907,4411499,4446000,4367000,4431400,2922700
20230908,4435599,4468099,4388500,4427999,2697500
20230911,4430700,4498900,4427500,4453599,2913800
20230912,4428500,4454400,4341199,4346900,3124000
20230913,4355000,4383999,4106900,4122399,11843000
20230914,4103999,4113900,4000000,4004899,10709000
20230915,4010000,4047000,3950299,3969400,9116700
20230918,3955000,3994700,3926000,3943999,4704700
20230919,3928399,3982300,3902500,3962000,4076800
20230920,3970499,3979899,3861199,3862999,3866600
20230921,3865000,3958999,3834200,3841499,5547900
20230922,3850000,3868800,3783599,3798099,3692800
20230925,3828999,3866199,3808099,3847999,3757300
20230926,3828800,3845599,3773599,3792500,4089400
20230927,3823999,3842200,3762500,3775899,3843500
20230928,3756000,3789599,3711000,3763599,4369900
20230929,3800000,3825799,3753500,3776000,4205300
20231002,3774800,3848099,3767999,3803299,3102100
20231003,3771099,3948999,3728500,3767500,8878100
20231004,3765000,3802200,3735799,3768999,4303700
20231005,3780100,3786000,3672399,3725899,5034800
20231006,3684299,3825199,3677699,3815100,4778100
20231009,3780499,3871700,3777600,3859500,3299800
20231010,3855799,3887000,3722500,3733200,7288900
20231011,3727799,3778099,3653399,3659299,9151400
20231012,3664800,3688299,3590499,3612000,7376100
20231013,3556400,3589299,3520499,3556799,6312600
20231016,3562099,3630799,3547699,3608200,5128900
20231017,3611000,3627000,3538900,3557200,5908400
20231018,3510000,3547900,3447300,3461900,11429600
20231019,4047399,4089500,3922600,4017699,28074400
20231020,4056300,4106400,3980100,4009599,12782900
20231023,4033200,4075400,3985199,4068399,7390000
20231024,4096799,4166900,4083900,4137300,6459200
20231025,4160199,4188399,4101099,4112500,6299600
20231026,4114200,4173099,4015400,4035400,6849700
20231027,4064200,4102099,3956199,3978699,4997600
20231030,4023500,4128200,3994100,4100799,5317100
20231031,4092399,4125199,4046300,4116900,3877600
20231101,4147699,4206000,4141799,4201900,4806100
20231102,4211700,4266900,4171000,4247099,4476000
20231103,4287600,4348200,4255299,4323599,3667100
20231106,4343800,4350299,4296099,4347399,3003200
20231107,4361799,4376400,4310000,4346099,3291100
20231108,4350000,4380700,4336799,4366499,2356800
20231109,4380299,4403800,4343500,4351499,2735500
20231110,4374800,4474800,4355100,4472399,4440600
20231113,4472500,4484299,4426000,4446199,2896100
20231114,4487799,4540799,4456400,4486499,4060900
20231115,4528099,4627500,4524500,4619400,5035300
20231116,4630000,4672799,4596499,4669500,3656000
20231117,4669500,4676499,4627600,4659100,2798500
20231120,4653999,4767600,4653999,4744700,3617600
20231121,4726300,4770199,4712099,4749500,2997700
20231122,4767999,4827000,4765599,4780000,2841600
20231124,4771099,4803999,4752000,4795599,1404700
20231127,4790299,4820000,4753500,4791700,3625900
20231128,4781099,4805000,4759500,4790000,2890200
20231129,4790000,4809899,4744899,4771900,2855500
20231130,4753099,4785899,4704200,4739700,4287300
20231201,4731700,4752300,4646000,4657399,4341500
20231204,4609899,4612000,4512000,4538999,5157700
20231205,4507000,4563900,4495799,4551499,3380700
20231206,4600000,4605000,4457300,4467300,4178800
20231207,4508500,4528900,4483200,4520000,3506700
20231208,4507600,4555000,4507600,4537600,3458400
20231211,4593599,4706499,4572099,4598900,4929700
20231212,4652300,4656099,4592000,4630000,3302700
20231213,4619800,4812500,4619800,4799800,5820200
20231214,4803599,4807600,4647600,4698299,5176400
20231215,4672999,4730000,4672999,4720599,7841000
20231218,4762999,4920400,4751000,4861199,6410700
20231219,4883999,4961400,4840599,4950199,3849000
20231220,4920000,5008900,4883900,4892699,4563700
20231221,4926600,4943999,4867699,4916099,2756200
20231222,4940000,4960199,4854500,4867600,2702700
20231226,4893900,4914800,4863800,4911900,2034500
20231227,4912399,4940199,4892500,4917900,2561300
20231228,4920000,4928900,4890700,4905100,1710500
20231229,4903699,4922300,4819400,4868800,2740600
20240102,4831900,4846499,4618599,4685000,5049400
20240103,4673200,4750499,4657699,4702600,3443700
20240104,4729800,4807399,4665299,4746700,3636500
20240105,4765000,4795499,4717999,4740599,2631300
20240108,4738900,4852399,4736499,4850299,3675800
20240109,4755299,4850899,4737999,4820899,3526800
20240110,4816000,4870000,4729500,4783299,4342400
20240111,4925400,5034100,4838200,4922300,7993300
20240112,5005100,5007900,4906099,4921600,5003700
20240116,4900000,4941499,4780199,4812399,4679000
20240117,4845000,4862099,4752600,4803299,4894600
20240118,4800299,4857699,4780199,4853099,4054400
20240119,4849800,4856700,4760599,4829500,5672400
20240122,4875499,4897999,4798999,4857099,5212300
20240123,4920000,4989599,4813999,4921900,15506000
20240124,5377500,5625000,5370700,5448699,26432800
20240125,5519500,5634600,5484600,5620000,9451900
20240126,5618099,5796400,5584299,5704199,12770600
20240129,5713499,5785499,5626799,5757899,6905400
20240130,5673200,5708800,5608200,5628499,6181800
20240131,5628499,5721500,5620399,5641099,4857600
20240201,5670200,5726599,5638300,5675100,3174000
20240202,5645200,5677999,5623699,5646400,4032800
20240205,5624699,5757500,5572000,5620599,4143100
20240206,5641199,5663400,5543699,5558800,2840300
20240207,5581599,5677999,5549799,5592999,4373600
20240208,5605499,5637000,5557399,5585300,3175500
20240209,5650000,5660000,5580999,5613200,3055700
20240212,5603599,5684400,5570000,5578499,3608500
20240213,5507999,5592000,5490000,5545200,3511500
20240214,5672600,5812500,5643400,5793300,5634200
20240215,5819099,5937700,5803200,5934600,5220900
20240216,5969500,5970000,5774600,5839500,4325700
20240220,5801799,5860000,5696599,5751300,3124200
20240221,5735100,5757800,5673200,5733499,2270600
20240222,5827500,5908499,5788900,5884699,3526600
20240223,5864000,5924299,5798200,5835599,2568900
20240226,5835599,5907500,5832700,5876500,2393700
20240227,5950000,6053599,5923300,6016699,4489400
20240228,5957899,5981699,5900100,5964799,2605200
20240229,6042500,6045200,5951599,6029199,3572100
20240301,5998099,6202800,5995000,6193400,4270300
20240304,6215599,6244199,6150800,6158300,3020300
20240305,6100999,6109099,5920000,5985000,3849600
20240306,6029899,6079299,5935599,5976900,2469600
20240307,5993400,6105300,5959000,6085100,2742800
20240308,6082700,6160900,6008400,6048200,2777200
20240311,6080800,6110000,6003699,6009299,2500900
20240312,6002100,6152999,5962700,6110800,2821600
20240313,6133699,6148499,6072100,6094500,2192100
20240314,6150000,6207999,6073499,6130100,3120500
20240315,6229199,6229199,6038200,6058800,6671600
20240318,6135599,6274099,6104500,6183900,3344200
20240319,6156199,6212800,6080000,6207399,2142600
20240320,6199500,6295100,6183400,6276900,2639500
20240321,6306500,6343599,6223300,6227100,2507700
20240322,6241599,6290499,6210000,6280100,2135700
20240325,6279000,6304600,6231599,6274600,1803300
20240326,6252000,6343900,6191799,6292399,2804500
20240327,6290100,6313499,6107299,6135300,2628300
20240328,6149899,6150000,6015900,6073300,3708800
20240401,6080000,6151099,6055700,6143099,2115900
20240402,6110000,6150300,6055100,6142100,2029200
20240403,6127500,6304099,6115000,6300800,2931200
20240404,6332100,6380000,6165800,6171400,3064300
20240405,6249199,6379099,6227100,6361799,3378800
20240408,6363900,6390000,6281099,6284099,2145700
20240409,6319899,6319899,6156300,6182000,2143600
20240410,6109699,6201400,6093400,6185800,2806200
20240411,6244199,6316599,6172399,6287800,2662700
20240412,6282299,6331199,6189199,6228300,2959300
20240415,6301699,6301699,6038699,6071500,3085400
20240416,6075000,6224500,6075000,6175200,3519100
20240417,6209699,6209699,6077100,6136900,3312200
20240418,6120999,6213300,6054299,6105599,8468400
20240419,5678800,5790000,5521599,5550399,16449700
20240422,5506599,5586099,5420100,5545999,8597700
20240423,5564899,5792100,5552800,5777500,4975500
20240424,5743099,5769099,5512999,5551199,5355300
20240425,5494600,5665399,5457100,5647999,3807100
20240426,5582100,5629199,5531900,5612299,4332600
20240429,5591799,5596400,5542399,5594899,2508900
20240430,5600000,5600000,5493800,5506400,3361500
20240501,5478400,5603900,5442500,5517100,3473200
20240502,5560200,5654600,5555900,5651500,3068200
20240503,5660000,5802600,5651599,5793400,3307500
20240506,5818200,5973400,5802500,5969699,3686300
20240507,5962800,6060499,5913200,6060000,3614100
20240508,6016300,6182199,6016300,6094699,3093900
20240509,6144000,6157199,6057500,6120900,2065400
20240510,6190000,6239799,6050599,6108699,2653600
20240513,6142999,6182199,6068300,6165900,2086200
20240514,6151699,6214799,6084000,6136599,2792400
20240515,6185700,6240999,6090999,6135200,5670600
20240516,6157500,6183400,6090900,6105200,3056400
20240517,6170000,6257899,6147100,6210999,3782700
20240520,6204000,6443699,6195200,6408200,3857900
20240521,6367600,6508800,6342199,6506099,2920200
20240522,6471400,6492500,6381199,6404699,2176200
20240523,6423400,6427100,6300000,6356699,2313900
20240524,6394000,6520000,6375999,6467500,2615300
20240528,6470499,6497500,6430300,6490000,2609500
20240529,6441300,6642500,6438900,6546199,3695900
20240530,6535200,6564899,6447299,6476599,2388900
20240531,6440100,6485800,6282999,6416199,4071000
20240603,6452199,6467800,6272700,6337899,2323500
20240604,6337800,6352299,6264400,6316199,3008200
20240605,6340200,6512500,6282500,6502700,2682600
20240606,6448900,6579899,6442399,6485200,2466700
20240607,6493800,6504000,6402399,6414699,1876600
20240610,6410100,6447899,6355900,6445000,2064400
20240611,6407199,6501900,6405200,6485499,2167400
20240612,6522100,6557800,6431099,6500599,2094400
20240613,6440000,6552500,6423499,6532600,1863600
20240614,6550499,6755800,6526400,6693800,4447100
20240617,6691099,6827100,6651099,6758300,3631200
20240618,6756300,6870599,6746400,6856699,2943800
20240620,6817999,6898800,6737199,6790300,2585100
20240621,6832600,6869000,6780999,6861199,4506400
20240624,6850000,6855000,6645000,6690200,3916300
20240625,6734400,6736699,6622999,6724099,2270600
20240626,6724099,6829600,6700200,6776900,3545800
20240627,6793499,6885700,6781400,6843400,2404800
20240628,6790000,6870000,6730800,6748800,3412400
20240701,6748900,6750200,6637800,6736099,2212800
20240702,6735399,6817399,6700700,6795800,2411400
20240703,6774799,6837500,6755000,6825100,1403500
20240705,6825100,6974899,6772299,6906500,2659100
20240708,6870000,6888599,6814899,6857399,1930800
20240709,6900000,6952700,6847199,6857399,2596100
20240710,6850200,6872199,6731599,6776500,2651900
20240711,6724899,6724899,6474400,6527500,5106600
20240712,6527500,6559199,6437100,6475999,3355200
20240715,6475000,6675399,6466300,6564500,3208800
20240716,6617999,6636799,6491300,6563200,2685700
20240717,6500000,6504500,6394699,6474600,4017300
20240718,6565999,6570399,6391699,6430399,7575800
20240719,6606400,6789699,6291199,6333400,9815600
20240722,6395000,6562899,6325999,6475000,5219100
20240723,6475000,6499099,6410000,6427600,2463600
20240724,6357399,6524199,6326699,6359899,4888200
20240725,6410000,6499799,6217000,6340900,4554500
20240726,6450000,6469899,6297700,6313699,3120700
20240729,6346099,6346099,6239299,6269600,2400500
20240730,6301699,6346900,6170000,6225800,3496600
20240731,6265700,6335999,6225800,6283499,3134900
20240801,6292500,6467100,6176099,6248499,3720600
20240802,6209799,6252700,6083499,6136400,3523000
20240805,5870399,6045599,5870399,5985499,4044200
20240806,6006199,6224500,6006199,6095700,4319100
20240807,6160700,6320000,6106400,6114799,3187800
20240808,6219899,6322899,6160200,6303499,3283500
20240809,6229899,6366199,6229899,6339400,1980800
20240812,6310000,6390000,6270700,6331400,2331700
20240813,6385599,6509699,6355000,6480200,2639600
20240814,6487000,6635700,6487000,6616799,4014300
20240815,6684899,6731900,6597999,6632199,3210200
20240816,6694299,6802299,6653599,6740700,3511000
20240819,6740700,6888400,6729099,6885300,3016200
20240820,6888599,7113300,6882500,6985399,4813100
20240821,6970000,7010000,6913800,6971199,2235300
20240822,6910000,7015000,6862399,6889600,2729400
20240823,6941300,6960700,6786300,6867299,2354500
20240826,6872600,6905900,6816400,6884400,1354200
20240827,6885300,7078900,6869199,6957199,3164900
20240828,6958300,6966699,6770999,6838400,2430600
20240829,6900000,6997999,6860700,6924799,2187000
20240830,7003599,7018599,6881599,7013499,3266700
20240903,7000999,7038599,6710100,6753200,3161000
20240904,6733099,6846500,6730599,6796799,1785300
20240905,6731400,6873099,6718599,6836199,1810100
20240906,6818599,6831500,6623400,6657700,2991300
20240909,6740000,6835000,6721400,6754199,2683100
20240910,6768699,6805900,6658099,6736199,2079200
20240911,6774600,6829699,6607999,6814699,2391900
20240912,6849199,6948800,6822000,6867999,2582100
20240913,6800100,6996400,6800000,6970599,2276500
20240916,7000000,7030200,6886300,6965000,1843700
20240917,7008200,7076300,6983699,7069099,2298600
20240918,7075499,7075499,6880000,6904699,2984400
