20200102,59425,59714,58920,59714,237536000
20200103,58516,59196,58267,58758,205384000
20200106,57824,59057,57563,59004,262636000
20200107,59288,60177,58837,59719,314856000
20200108,59676,60244,59276,59831,277108000
20200109,60694,61212,59950,60488,255112000
20200110,61560,61864,60669,60811,316296000
20200113,61643,62969,61416,62718,319840000
20200114,62290,62544,61416,61548,359088000
20200115,61675,61899,60864,61122,263104000
20200116,61658,62018,61424,61959,284192000
20200117,62150,62225,61570,62046,253792000
20200121,61680,62048,61371,61712,217916000
20200122,62165,63119,61976,62252,239240000
20200123,62653,63021,61765,62937,244516000
20200124,64092,64590,61802,62344,373512000
20200127,59298,60296,57802,59786,470536000
20200128,60445,62043,59913,61720,310976000
20200129,61575,61936,60717,61115,258848000
20200130,60137,61317,59587,61182,290504000
20200131,60724,60844,58429,58847,370420000
20200203,58666,60012,58604,59818,255564000
20200204,61237,61702,60737,61511,271544000
20200205,62720,62822,61580,62414,208220000
20200206,62758,63283,61946,63283,218284000
20200207,62882,63104,62367,62621,189752000
20200210,62847,65461,62798,65453,529608000
20200211,66536,67825,65916,66678,638556000
20200212,67206,67900,66817,67835,374644000
20200213,67255,68069,66982,67397,528016000
20200214,71499,73418,71185,72129,1041924000
20200218,71096,74001,70902,73816,620164000
20200219,75041,78506,75041,78329,694332000
20200220,77849,78732,73762,76836,810052000
20200221,75713,75964,72345,73194,768180000
20200224,67250,70158,66705,68019,856916000
20200225,68771,69391,64206,65224,1055496000
20200226,65227,68560,65212,66618,747732000
20200227,63483,66496,61986,62910,906416000
20200228,60384,67856,60218,67261,1133252000
20200302,68962,69134,65002,68845,890744000
20200303,69403,70000,65365,66220,652792000
20200304,67293,70952,66546,70857,597408000
20200305,68862,70531,67617,68063,540328000
20200306,66267,66842,64255,66257,515412000
20200309,59747,64603,59318,61127,614160000
20200310,63891,65022,61264,65022,580648000
20200311,63622,63906,60412,61383,499964000
20200312,56151,58805,53745,53872,816540000
20200313,57406,60026,54694,59981,634836000
20200316,52900,56310,48315,48913,726972000
20200317,50036,55005,47568,54111,833632000
20200318,49835,52285,44998,50512,874268000
20200319,50298,53976,48163,53040,765512000
20200320,54542,57361,51087,51242,804636000
20200323,51232,53914,49441,52970,643876000
20200324,57032,62925,56796,62058,1101644000
20200325,63209,65206,60683,61171,793432000
20200326,63243,65306,62262,64065,696108000
20200327,62262,65530,61933,62942,638828000
20200330,63597,66237,63156,66145,602252000
20200331,66546,68588,64192,65649,949960000
20200401,63669,65134,60091,60536,656912000
20200402,60828,63757,60347,63625,675764000
20200403,63248,63664,59371,60746,663212000
20200406,63567,67213,62992,66845,727884000
20200407,69061,69298,64080,64511,784520000
20200408,65602,66733,64902,66484,542444000
20200409,67741,67970,64857,65487,525564000
20200413,64890,67293,64006,67206,398408000
20200414,68489,71059,68212,70718,530948000
20200415,69036,70772,68583,69943,366148000
20200416,71497,74466,71365,73395,745620000
20200417,74217,74431,71462,72802,539120000
20200420,71537,73096,71046,71490,449388000
20200421,70309,70922,66524,67121,735160000
20200422,69044,71694,68588,71265,483356000
20200423,71686,73006,70481,70732,424160000
20200424,70630,72142,69883,72122,352328000
20200427,73467,75586,73220,73988,479388000
20200428,75462,75761,72508,72563,442904000
20200429,73910,74859,73158,74331,379160000
20200430,73791,74331,72653,72792,375916000
20200501,70817,71950,69943,70426,342096000
20200504,69953,72683,69953,72546,317556000
20200505,73587,74782,72546,73156,368896000
20200506,73950,75213,73572,74164,323464000
20200507,75557,76560,75044,75928,373732000
20200508,76645,77890,76306,77828,339216000
20200511,77778,80817,77492,80348,469060000
20200512,80926,81414,77631,77728,493060000
20200513,78874,80478,75659,77504,625852000
20200514,78119,80054,76583,80000,602312000
20200515,78598,84682,78441,84585,987660000
20200518,87272,88826,86475,87170,774460000
20200519,87568,90530,87294,87720,717320000
20200520,89568,90086,88550,89359,587536000
20200521,90171,90181,87043,87419,761068000
20200522,87917,90584,86801,89919,1038764000
20200526,91219,91468,86390,86846,770780000
20200527,85922,85999,79663,84928,1175892000
20200528,83803,87272,83474,84547,734896000
20200529,85220,88418,84527,88418,745256000
20200601,87997,88071,86565,87728,389876000
20200602,87628,88036,86251,87917,391320000
20200603,87887,88325,86669,87362,365440000
20200604,86988,89133,86485,87372,424280000
20200605,87651,89669,86788,88901,481748000
20200608,88475,88600,86567,87755,387736000
20200609,87705,90793,87220,90157,468488000
20200610,91371,94682,91229,93354,632180000
20200611,91194,92303,87566,87668,583652000
20200612,91318,91565,86741,89026,570908000
20200615,87857,91515,87145,91430,400004000
20200616,91941,92357,88092,90381,535716000
20200617,90832,92679,90399,92051,408304000
20200618,91961,92514,90840,91871,254408000
20200619,92116,94134,91964,92303,524160000
20200622,92689,94994,92422,94949,398468000
20200623,95190,96102,93760,94184,375108000
20200624,94445,95245,91139,92046,449372000
20200625,93244,94732,91515,94582,376072000
20200626,94682,94682,90945,91244,592084000
20200629,91391,91737,88702,91692,342248000
20200630,92828,94944,92355,94660,367892000
20200701,94889,95437,93815,94981,326648000
20200702,96067,97049,95462,95801,364056000
20200706,97091,98756,96800,98063,315892000
20200707,99130,100363,98178,98387,357800000
20200708,99603,101908,99322,101818,365480000
20200709,103455,105346,101993,104738,494548000
20200710,105533,106196,103440,104442,497676000
20200713,105595,107561,99915,100186,457076000
20200714,100413,103679,97528,103423,542676000
20200715,103794,103981,100221,101930,403984000
20200716,99815,101726,98624,101008,344964000
20200717,101913,102142,100540,101674,266284000
20200720,102399,104960,101228,104756,284852000
20200721,104778,105247,102523,102939,277036000
20200722,103328,105670,102571,104038,367292000
20200723,104150,105117,99977,100959,411660000
20200724,98420,103301,97443,101604,473292000
20200727,101980,104068,101836,103866,292132000
20200728,103395,103473,101751,101813,271636000
20200729,103560,104811,103124,104305,284508000
20200730,103403,105875,102608,105785,308880000
20200731,105279,107305,103981,105792,386080000
20200803,106966,110616,106794,109734,412720000
20200804,110130,111902,108695,111902,310336000
20200805,112064,113337,111289,112490,249924000
20200806,113118,113200,111413,112976,244316000
20200807,112746,114663,110006,111620,342516000
20200810,112963,113701,108202,111276,427796000
20200811,110367,110995,107596,108137,354512000
20200812,109540,114286,109216,114020,464412000
20200813,115074,116825,113178,114047,374460000
20200814,114914,116656,114022,115253,366436000
20200817,118116,123682,117777,122957,621300000
20200818,124083,124542,120458,122197,503448000
20200819,122554,122738,120575,120979,622624000
20200820,119349,123336,118390,121004,921388000
20200821,121609,127659,121544,126411,999868000
20200824,128406,128693,124657,126777,490564000
20200825,125885,127186,125317,127073,289076000
20200826,127564,128254,126353,127303,321244000
20200827,127387,128070,125245,125860,317604000
20200828,126326,131040,126002,131038,537160000
20200831,131386,135296,129941,133298,500840000
20200901,134389,139511,133956,137789,511316000
20200902,146590,146819,138576,143028,874012000
20200903,137866,138422,128395,129758,945128000
20200904,127448,131349,116691,125840,1463684000
20200908,116987,125118,116686,118767,795728000
20200909,123622,127702,121945,126763,736200000
20200910,129497,130254,121299,122742,698684000
20200911,124475,126139,118595,121274,636928000
20200914,130411,132744,125928,128330,1201744000
20200915,132395,132582,127887,129514,727556000
20200916,129178,130529,124756,124764,556384000
20200917,120953,125514,119981,124255,792512000
20200918,125554,125940,119522,121521,698460000
20200921,118887,124843,118682,124791,721044000
20200922,125367,126095,121185,125992,646452000
20200923,125372,126882,120424,120868,647012000
20200924,120355,125312,119774,123104,731240000
20200925,124096,128442,122084,128345,588016000
20200928,130005,130120,127111,129953,573808000
20200929,128981,134018,128938,131854,621460000
20200930,131174,135810,131102,134893,689184000
20201001,137161,137208,134197,135730,525004000
20201002,131847,134783,130112,130224,552496000
20201005,131957,136027,131825,136009,479820000
20201006,137879,140989,136234,136946,784420000
20201007,139571,140762,138213,139215,418084000
20201008,140321,140416,137161,137966,378900000
20201009,137251,137821,136191,137208,346892000
20201012,139469,143033,138701,141827,434744000
20201013,142529,143048,139760,142048,344604000
20201014,142470,142990,139175,140523,276100000
20201015,137687,139631,137258,139274,267224000
20201016,139940,140785,137505,137694,242392000
20201019,138606,139409,133659,134566,298068000
20201020,135421,137577,134658,136039,229212000
20201021,135835,137495,134364,134835,219596000
20201022,134813,135703,131914,133203,290480000
20201023,134090,135518,132508,135488,233484000
20201026,133861,136510,129988,131012,336896000
20201027,132655,134010,131513,133559,250520000
20201028,131578,132196,125706,125885,376520000
20201029,127994,131526,127111,129843,320080000
20201030,128108,128971,122625,124958,416820000
20201102,126192,127976,123572,125424,299652000
20201103,126698,130651,125643,129798,272900000
20201104,133485,137854,132964,137522,410228000
20201105,141193,142953,139484,141169,319028000
20201106,140668,145443,138527,145176,383348000
20201109,145082,146467,135693,135892,582976000
20201110,135650,135650,125898,127311,644068000
20201111,130140,133941,129088,133771,404744000
20201112,134379,137241,132754,134157,365812000
20201113,135857,136271,130195,132565,346312000
20201116,131324,136079,131159,134741,413776000
20201117,135112,135548,132632,133814,312028000
20201118,134242,135643,131448,133878,510924000
20201119,131725,134464,130601,133993,565936000
20201120,134130,134534,130252,130479,341088000
20201123,131311,133417,129758,131000,361356000
20201124,131025,131219,128457,129183,346500000
20201125,129928,132291,129803,131944,259916000
20201127,133342,133666,131304,132208,167276000
20201130,132246,133716,129327,133607,286952000
20201201,134511,134875,131879,133492,296948000
20201202,133098,136318,131939,135032,283360000
20201203,135501,136224,132923,133591,199520000
20201204,134115,135227,133519,135209,202244000
20201207,135638,136935,134628,135693,223244000
20201208,135476,135613,132449,133133,271920000
20201209,132639,133771,128328,128952,401300000
20201210,128336,130328,128141,129365,207764000
20201211,129316,129842,127877,129774,209264000
20201214,130520,133519,130415,132721,270156000
20201215,134028,134269,131505,133237,193016000
20201216,133856,134003,131761,132061,223116000
20201217,133300,133427,131422,133045,231384000
20201218,133422,133681,130345,132355,342064000
20201221,130388,133332,129318,132956,302332000
20201222,132826,133005,130181,132417,185580000
20201223,132195,132385,129692,129734,179144000
20201224,130014,130963,129031,129580,97884000
20201228,130265,130265,127281,128645,212564000
20201229,128894,130365,128069,129076,170372000
20201230,129545,131774,128612,131096,225396000
20201231,131003,131148,128794,130191,192424000
20210104,130682,136149,129268,130774,560640000
20210105,130637,134065,130510,133679,322760000
20210106,131861,132085,125514,125798,580424000
20210107,129318,133409,128510,133073,461480000
20210108,133257,133841,130061,132402,292528000
20210111,133818,139226,133257,135840,518344000
20210112,137146,137166,133083,134476,291476000
20210113,134529,135875,133482,134945,210028000
20210114,135376,135623,131442,131639,283120000
20210115,131916,132886,128131,128241,277780000
20210119,129804,130580,128086,129894,226188000
20210120,130757,133935,130208,133290,258572000
20210121,133816,139607,132165,138293,337780000
20210122,137022,138037,135897,136748,246820000
20210125,137438,137904,132001,136157,251112000
20210126,135431,136072,133507,133983,163980000
20210127,131936,131963,127585,128822,371272000
20210128,129605,133030,129248,130151,228316000
20210129,130390,132980,128760,129540,271552000
20210201,130173,132342,128672,132006,217204000
20210202,133619,135346,132489,135194,220440000
20210203,135985,138934,134793,134933,245408000
20210204,134938,136359,133010,136266,201340000
20210205,136872,136994,135085,135536,169152000
20210208,136895,144339,136895,143990,434624000
20210209,143013,145431,141834,142240,287560000
20210210,144234,148640,143020,147236,485352000
20210211,149390,152302,148839,152088,450828000
20210212,150086,152492,147343,149201,374756000
20210216,150228,153302,149089,152881,321960000
20210217,151292,151816,147393,148650,274756000
20210218,146885,148323,145349,147882,233868000
20210219,149832,151352,148059,148854,271724000
20210222,147341,150916,142856,143162,325884000
20210223,140365,141996,133526,141031,391780000
20210224,140839,144668,137181,144591,448320000
20210225,140068,143352,131799,132709,824436000
20210226,137146,138164,133242,136768,500932000
20210301,138368,138867,135159,138037,353184000
20210302,138617,138822,133591,133693,264116000
20210303,133893,134145,127635,127695,377592000
20210304,127655,129393,120505,123362,573344000
20210305,125155,125155,116471,124272,542840000
20210308,124157,124369,115347,115613,543112000
20210309,121010,125864,120302,124901,521824000
20210310,128096,129487,124275,124382,384376000
20210311,129188,130148,127038,129622,299916000
20210312,126178,128577,125597,128250,243964000
20210315,128338,131749,127365,131595,221988000
20210316,133243,134800,130852,132592,272128000
20210317,130083,134209,129582,133091,243864000
20210318,131049,131522,126864,126919,293896000
20210319,127193,128904,125821,128148,299208000
20210322,128817,133622,128757,131545,297804000
20210323,132223,133124,129899,130393,222048000
20210324,131196,131276,126063,126126,245840000
20210325,124694,126841,122424,125051,295144000
20210326,125243,128253,123437,128083,363968000
20210329,127894,130310,126694,129171,273520000
20210330,128111,129440,126744,128408,200204000
20210331,129842,134381,129512,133161,314776000
20210401,135396,138366,134787,137785,308276000
20210405,138341,139803,136999,139538,255672000
20210406,139660,140204,137403,138281,191744000
20210407,138473,142092,136785,141094,251284000
20210408,142184,144367,142147,142825,244416000
20210409,141798,143733,141409,143653,195172000
20210412,142553,153155,141052,151724,869324000
20210413,151948,156622,150893,156417,676212000
20210414,155874,156826,151908,152402,385500000
20210415,156248,161752,155939,160984,598480000
20210416,160143,161268,158270,158742,335208000
20210419,154991,157694,151963,153248,404420000
20210420,152864,154597,149270,151347,334132000
20210421,150823,153255,150659,153235,216776000
20210422,153380,154013,147479,148145,277788000
20210423,148983,152981,148644,152285,227500000
20210426,151484,154417,150886,154407,197796000
20210427,155410,156328,153175,153447,164572000
20210428,153275,154949,151789,152400,209416000
20210429,153629,153993,150352,152878,173196000
20210430,151380,153280,149609,149734,201912000
20210503,150886,152100,147519,148010,203912000
20210504,146020,146023,139765,143167,405324000
20210505,146736,147778,143529,144237,292024000
20210506,144603,145362,141838,144880,193380000
20210507,147726,149347,146364,147766,229328000
20210510,147516,147703,142157,142314,268904000
20210511,137917,143202,137169,142718,285584000
20210512,139758,142259,136762,137254,303408000
20210513,140000,140468,134266,136323,285404000
20210514,138566,142935,137154,142087,258616000
20210517,141229,141351,138201,141314,216980000
20210518,142326,143696,139703,139820,186256000
20210519,135338,140456,135106,140319,344000000
20210520,142681,146484,142361,145773,321592000
20210521,151272,151853,148337,149557,672992000
20210524,151759,157071,151395,155744,554816000
20210525,157280,157804,154452,156101,435408000
20210526,156964,157557,155487,156622,370440000
20210527,156619,157121,154228,154507,581476000
20210528,154637,162383,154637,162054,644536000
20210601,162308,163488,158650,162253,472804000
20210602,162131,168780,161964,167379,594168000
20210603,166605,172174,165431,169289,580008000
20210604,170713,176185,170543,175359,617120000
20210607,175290,177696,171514,175766,575756000
20210608,174851,175791,172095,174150,323848000
20210609,174776,175367,172182,173204,381656000
20210610,173122,174539,171386,173870,287772000
20210611,174414,179002,174057,177864,416308000
20210614,178670,180002,176243,179795,321376000
20210615,178760,179770,176894,177497,243032000
20210616,177520,179156,175462,177714,307124000
20210617,177358,187940,177176,186166,809656000
20210618,187431,193328,185435,185981,968856000
20210621,183951,184961,177839,183871,672384000
20210622,184313,189224,183459,188456,580144000
20210623,189663,191110,188666,190157,332356000
20210624,191859,193777,190467,191637,320924000
20210625,192385,193034,188533,189895,278364000
20210628,193191,200350,192769,199415,495436000
20210629,198392,200550,196142,199831,367632000
20210630,199557,201186,198205,199589,326568000
20210701,200812,204114,199754,201680,480136000
20210702,203957,204606,202436,204424,342764000
20210706,206923,207966,203059,206534,446708000
20210707,208081,208295,202877,203274,418428000
20210708,198132,200891,196578,198594,503300000
20210709,199190,200365,197112,200066,296624000
20210712,201959,204880,201438,204678,321984000
20210713,203561,204167,200702,202059,290708000
20210714,203134,203733,197097,197983,380100000
20210715,197686,198038,188174,189249,550564000
20210716,189890,191153,180336,181214,688224000
20210719,178762,190005,178266,187388,749060000
20210720,186892,187970,181244,185715,434687000
20210721,188409,194845,187012,193677,371017000
20210722,195992,198437,192340,195513,323826000
20210723,196132,196571,192081,195154,195672000
20210726,192689,193996,188728,192520,203943000
20210727,192230,195793,187002,191662,248863000
20210728,192769,196032,189536,194605,202191000
20210729,194765,198098,192859,196192,190781000
20210730,193757,195872,192210,194565,183497000
20210802,196571,199175,193188,197070,217444000
20210803,196970,201779,191781,197718,301811000
20210804,199465,202737,197848,202298,231309000
20210805,204553,206878,202977,205920,211435000
20210806,204793,205252,201660,203216,178497000
20210809,204015,204633,200991,202508,146443000
20210810,202777,203855,197918,198926,179238000
20210811,199993,200053,193877,196561,185925000
20210812,198267,199854,195773,198616,151652000
20210813,198616,201700,198078,201440,183063000
20210816,200911,202428,194106,199065,210876000
20210817,196421,197269,192250,194156,204585000
20210818,194575,195912,189586,189985,285913000
20210819,194515,204504,187211,197549,766555000
20210820,199474,208195,198896,207707,675741000
20210823,209253,219491,209044,219102,575807000
20210824,217056,219112,214881,217455,297299000
20210825,216897,224211,216747,221646,347701000
20210826,221516,222913,217425,220199,237940000
20210827,221357,226725,221187,225867,304722000
20210830,227803,229928,225019,226386,262580000
20210831,226496,226496,220757,223402,259850000
20210901,224400,226516,223122,223961,201767000
20210902,224729,225478,222504,223512,187834000
20210903,222803,229400,221556,227973,280532000
20210907,227873,228531,224769,226166,198107000
20210908,224679,225647,219330,222943,254434000
20210909,222673,224929,220867,221326,196856000
20210910,223033,225807,222254,224330,248376000
20210913,226386,229180,218142,221076,297500000
20210914,222304,223651,220418,221975,199755000
20210915,222643,223222,219220,222963,166538000
20210916,221386,222324,218831,221975,156033000
20210917,222553,222763,217863,218561,294503000
20210920,211037,213901,206206,210707,349440000
20210921,213741,213821,209081,212035,204688000
20210922,213232,219160,211536,218971,268726000
20210923,220957,224899,218462,224370,248555000
20210924,220258,221046,218172,220368,217655000
20210927,216665,217554,212823,216166,245215000
20210928,211715,213761,206096,206576,343069000
20210929,208981,209749,204260,204759,218394000
20210930,207264,210238,206466,206745,221009000
20211001,207085,208172,201625,207005,240978000
20211004,204629,205009,195158,196925,345635000
20211005,199101,206067,198142,204100,279282000
20211006,200797,206785,200398,206585,297202000
20211007,210498,212793,209300,210328,256919000
20211008,210587,211635,207334,207893,151258000
20211011,205338,210208,204699,206536,163388000
20211012,207863,210148,204869,206296,162134000
20211013,208761,209480,206715,208971,180652000
20211014,212454,217114,210797,217025,243589000
20211015,217663,218871,216186,218182,226994000
20211018,217055,222464,216007,221775,189494000
20211019,222314,223342,219929,222454,161473000
20211020,222603,223881,219380,220587,146276000
20211021,220528,226655,220388,226466,187590000
20211022,227773,230837,225158,226805,249384000
20211025,229270,233082,227244,231196,230235000
20211026,239410,252084,238761,246675,485898000
20211027,244250,250398,242334,244020,245990000
20211028,248282,249001,244739,248911,234204000
20211029,249509,256575,249500,255158,292503000
20211101,255977,258422,251765,257753,265740000
20211102,257703,266246,257484,263481,294112000
20211103,266166,267304,261825,265447,239910000
20211104,271745,313022,270637,297413,1153631000
20211105,301266,313372,293511,296924,851260000
20211108,300887,310377,298471,307423,503101000
20211109,322174,322453,299040,305956,646746000
20211110,292972,307883,287204,294000,636206000
20211111,304070,305288,297174,303292,332172000
20211112,299499,306186,295707,303292,413054000
20211115,304908,305827,291885,299649,384909000
20211116,296994,303292,296465,301425,264484000
20211117,303571,304479,287423,292024,428508000
20211118,323022,326944,312583,316116,781711000
20211119,321785,330218,318411,329190,533867000
20211122,334499,345777,318362,318920,754335000
20211123,314719,322952,308182,316825,532163000
20211124,313980,327892,308661,326086,435162000
20211126,325348,326445,312873,314399,283069000
20211129,323012,333451,319719,333092,454964000
20211130,331026,332862,318002,326106,622066000
20211201,331566,332264,313210,313759,484368000
20211202,311553,324170,309667,320656,472890000
20211203,319399,320686,300734,306353,544325000
20211206,298238,301842,279853,299806,658938000
20211207,308988,323880,305934,323661,593053000
20211208,319389,322293,313620,317662,475551000
20211209,316744,321445,303708,304327,488507000
20211210,310915,312462,298049,301412,488825000
20211213,301921,302371,280632,281081,598344000
20211214,276469,286241,271988,282837,667035000
20211215,283466,304427,277857,304018,698297000
20211216,310935,311014,280402,283336,707366000
20211217,279324,288676,277078,277487,713758000
20211220,272537,280911,270940,276669,461847000
20211221,283207,290653,273495,290204,524385000
20211222,288367,294994,283955,293447,395184000
20211223,296991,300025,293757,295843,343022000
20211227,296043,310286,295843,308868,403686000
20211228,312532,312711,299556,302650,420591000
20211229,302161,304906,293108,299446,343139000
20211230,297709,303998,294845,295304,308864000
20211231,296182,299736,292759,293557,266530000
20220103,297590,306533,297290,300644,391547000
20220104,302201,304107,282957,292349,527154000
20220105,288946,293607,274812,275521,498064000
20220106,275880,283845,270141,281250,454186000
20220107,280881,283686,270061,271958,409939000
20220110,265310,274174,255958,273485,594681000
20220111,272716,280123,267886,277647,404089000
20220112,280143,285413,275561,279464,383413000
20220113,283257,284265,264482,265250,540171000
20220114,262506,271459,261607,268914,395832000
20220118,262106,265879,257216,258543,424270000
20220119,260300,264931,250049,250199,488315000
20220120,252564,255309,240327,241046,435181000
20220121,234628,247763,232193,233301,718958000
20220124,222880,233360,208487,233281,913982000
20220125,225036,228999,219586,222820,664616000
20220126,231963,240118,222581,227292,755959000
20220127,235237,239499,216342,219027,573353000
20220128,219706,228150,212560,227971,543774000
20220131,231384,244629,230087,244400,564680000
20220201,250568,250977,238451,245917,518925000
20220202,257455,257685,245068,251945,543419000
20220203,244120,250299,237353,239030,410178000
20220204,239269,245887,235876,242733,354829000
20220207,243262,251347,241565,246815,376868000
20220208,243132,251826,239349,250608,410359000
20220209,255738,266748,253053,266548,524282000
20220210,259461,268744,255519,257755,513200000
20220211,258673,261028,237283,239040,605472000
20220214,238890,248282,237103,242214,440424000
20220215,249021,264951,247374,264452,699869000
20220216,262096,265320,255040,264612,732676000
20220217,255818,257365,241196,244609,810595000
20220218,246216,249390,230566,235976,761255000
20220222,229917,240188,229568,233460,633422000
20220223,237573,241096,222591,223449,566511000
20220224,209755,237553,208507,237034,735801000
20220225,236764,241715,233370,241116,528866000
20220228,239469,246186,236624,243392,477319000
20220301,242453,243312,230885,234329,412056000
20220302,237154,243673,233750,241786,389642000
20220303,242205,242844,234289,236735,365095000
20220304,233440,236395,224436,228968,431415000
20220307,227780,229936,212935,213155,450821000
20220308,212726,223347,206147,214772,557467000
20220309,223487,231803,222090,229746,492742000
20220310,224925,227490,218446,226193,428066000
20220311,229826,231054,220083,220622,367209000
20220314,218316,222239,211228,212935,385354000
20220315,214812,229986,212855,229337,491996000
20220316,234598,245549,231324,244541,671422000
20220317,240788,247995,238651,247237,471941000
20220318,247566,265236,245819,264078,730719000
20220321,264617,271056,259226,266883,591727000
20220322,266813,271914,260274,264787,547007000
20220323,260813,265665,255313,255902,502120000
20220324,261213,282716,258627,281019,877379000
20220325,278383,283095,272244,276447,579016000
20220328,277086,282017,271595,281708,425494000
20220329,286459,288965,279322,286070,488984000
20220330,282556,284473,274560,276427,463487000
20220331,277345,281997,272234,272394,523440000
20220401,273282,274490,262221,266663,517235000
20220404,266823,275109,265675,273132,397120000
20220405,272074,272723,257759,258867,436615000
20220406,248914,252567,239620,243653,703833000
20220407,243992,246797,234379,241666,557992000
20220408,238761,238821,230226,230795,524781000
20220411,221760,222818,216230,218795,575207000
20220412,224985,226861,212456,214672,662258000
20220413,216908,224615,214183,221650,516943000
20220414,224665,227381,211268,212216,569097000
20220418,211637,220502,210430,217458,525701000
20220419,216829,223347,212775,221600,512781000
20220420,224785,226312,211637,214453,468974000
20220421,216719,223537,199658,201485,656209000
20220422,202683,204510,194666,194816,624713000
20220425,191692,199109,190633,198680,641566000
20220426,196843,197542,186381,187559,653143000
20220427,185662,191342,182587,183835,499460000
20220428,189346,200027,184584,197482,570327000
20220429,193688,200936,184853,185153,500435000
20220502,185093,195405,183595,194996,572049000
20220503,193668,197911,191003,195685,475751000
20220504,198889,203651,187189,202992,648855000
20220505,198330,198909,184684,188118,626331000
20220506,187040,194786,179592,186431,633297000
20220509,180032,182238,167982,169210,644455000
20220510,176587,181669,169959,175649,761474000
20220511,173173,177226,165397,166016,670167000
20220512,161913,167593,155404,161473,708728000
20220513,167593,178973,165646,176757,670437000
20220516,174791,177576,170767,172345,521446000
20220517,180431,183396,176038,181459,585830000
20220518,176747,180870,168352,169090,545161000
20220519,169080,176567,167054,170947,621310000
20220520,173024,173802,157280,166654,739105000
20220523,162462,168861,161513,168691,639889000
20220524,164818,165686,157530,161264,588550000
20220525,159926,170817,159726,169460,781132000
20220526,160086,180611,159946,178205,996575000
20220527,181549,188487,180690,187788,738379000
20220531,189475,191672,183186,186401,664100000
20220601,186920,190204,180910,182887,544514000
20220602,182607,195854,181669,195585,648656000
20220603,190494,192989,184903,186880,598779000
20220606,191063,193039,185322,187539,422406000
20220607,184404,189675,181569,188936,388914000
20220608,187708,191512,185072,186200,363252000
20220609,184533,189046,180139,180209,395574000
20220610,175736,176705,168437,169485,465248000
20220613,159760,162875,155826,156235,604153000
20220614,157074,160419,153889,158122,469680000
20220615,160709,168427,159021,165022,563936000
20220616,158362,159181,153779,155776,545749000
20220617,156245,159710,153050,158562,630334000
20220621,164503,169825,163824,165412,483089000
20220622,162017,166370,161557,163355,437135000
20220623,164942,165601,158292,162007,463680000
20220624,164753,171143,162855,171003,472153000
20220627,172860,173040,166011,168437,427968000
20220628,168747,171762,159211,159580,461149000
20220629,157903,157963,151472,155187,482352000
20220630,153380,155437,148397,151363,686070000
20220701,148767,150404,143704,145012,577610000
20220705,141537,149485,140339,149416,651397000
20220706,149875,152960,147668,151073,529066000
20220707,154328,159211,153659,158342,492903000
20220708,154069,160129,153659,158142,467972000
20220711,155027,155037,150154,151293,437321000
20220712,152451,154079,148547,150594,458483000
20220713,145681,153519,144433,151413,521918000
20220714,150853,154498,147059,153489,456235000
20220715,156355,157583,154218,157384,385935000
20220718,162775,168717,159780,160768,670517000
20220719,164613,170843,161477,169665,702366000
20220720,169216,179061,167758,177803,760538000
20220721,178582,181168,175187,180229,557049000
20220722,178662,179401,171113,172930,536671000
20220725,169935,170983,166240,169985,480748000
20220726,168637,168936,164533,165082,397865000
20220727,170065,179091,168876,177633,569776000
20220728,179480,181128,174138,179570,474646000
20220729,177863,182166,176655,181358,435460000
20220801,181547,188177,179630,184133,476469000
20220802,180948,189096,180649,184982,489527000
20220803,181567,189396,181098,188647,418146000
20220804,188207,192451,187319,191862,409652000
20220805,187818,192002,186380,189605,386068000
20220808,174758,182117,172161,177663,981859000
20220809,172261,174208,166989,170604,668263000
20220810,176715,180908,172910,180699,597422000
20220811,181038,186790,178492,179151,509327000
20220812,181328,186899,179261,186809,478094000
20220815,186730,191353,185851,190035,457666000
20220816,188916,191133,184733,188507,451240000
20220817,184952,186600,181178,183075,446799000
20220818,182736,188367,181557,187449,415447000
20220819,183784,184922,177434,178222,441588000
20220822,174638,175317,169406,170085,409593000
20220823,169635,174388,169446,171552,369986000
20220824,169865,173799,168697,171962,522661000
20220825,168187,179201,168078,178861,770691000
20220826,178302,178971,162126,162356,769127000
20220829,159960,163135,157433,157773,496132000
20220830,159361,160149,151592,154448,530181000
20220831,153609,155167,149366,150714,573710000
20220901,141877,143584,132501,139161,1178865000
20220902,140788,141497,135706,136265,743157000
20220906,137104,137583,133310,134448,535751000
20220907,135467,138213,133299,136975,512657000
20220908,134428,139911,133529,139732,624873000
20220909,141400,144566,141090,143697,486612000
20220912,143517,145295,141809,144875,484159000
20220913,137854,139052,130832,131152,714956000
20220914,132380,132740,128975,131122,588507000
20220915,129993,132171,127746,129134,523625000
20220916,127267,131961,126018,131821,670751000
20220919,129963,134468,129943,133659,569685000
20220920,131991,134668,130413,131601,524818000
20220921,131971,140141,130942,132450,807679000
20220922,130543,131332,124130,125459,759162000
20220923,124050,125958,122422,125009,663309000
20220926,124760,126438,121993,122133,547343000
20220927,124919,127207,122432,123981,553854000
20220928,123951,128076,123391,127207,542414000
20220929,124330,124849,119316,122053,532763000
20220930,120724,126178,120605,121244,565638000
20221003,123321,126627,120904,124969,547478000
20221004,128635,132041,128635,131512,584182000
20221005,128955,133050,126058,131931,507131000
20221006,132041,136396,130872,131142,644157000
20221007,124899,126547,120075,120615,672478000
20221010,120225,121094,113943,116559,698699000
20221011,115471,118317,112694,115720,667482000
20221012,115651,117209,113313,114861,492590000
20221013,109578,120635,108000,119456,850103000
20221014,120425,120964,111905,112135,713432000
20221017,115041,119336,115031,118737,580774000
20221018,123291,124770,116040,119526,659362000
20221019,118647,123351,118197,120365,523131000
20221020,120984,127536,120904,121793,652398000
20221021,120834,124830,118727,124510,609494000
20221024,124929,126947,120495,125838,517457000
20221025,126787,132840,126488,132450,505482000
20221026,128535,133719,126927,128805,532953000
20221027,136136,138213,131062,131601,583113000
20221028,130882,138333,130453,138173,521040000
20221031,137614,138213,132810,134808,486341000
20221101,137944,139082,135027,135267,432817000
20221102,138333,141929,131951,132031,672628000
20221103,130273,137644,129404,134048,500065000
20221104,139692,142119,136805,141390,612576000
20221107,142109,143947,139372,142838,410061000
20221108,147832,148731,141989,145844,595292000
20221109,141450,141939,137424,137594,454414000
20221110,147822,157540,145295,157311,700819000
20221111,157880,163693,154634,163074,655487000
20221114,161985,165201,159028,162754,527852000
20221115,167019,169776,163623,166460,545876000
20221116,161426,163423,158539,158909,649547000
20221117,156961,162464,155163,156581,710894000
20221118,159468,159827,151018,153905,492072000
20221121,151288,154584,150619,152986,404739000
20221122,153096,160387,151038,160187,472866000
20221123,160786,165071,160287,164991,427241000
20221125,162984,164672,161525,162504,167934000
20221128,160067,163373,157061,158080,303741000
20221129,158080,159128,155013,156202,298384000
20221130,156821,169140,155822,169070,565298000
20221201,169829,172486,166192,171188,470977000
20221202,166432,169170,164294,168600,371389000
20221205,166632,169789,164564,165943,352255000
20221206,165143,165573,158040,159719,352694000
20221207,157571,161707,156522,161047,372388000
20221208,162576,171627,159439,171527,515456000
20221209,171437,175663,169589,169849,465338000
20221212,170209,175214,167811,175184,457328000
20221213,185135,187722,176942,180549,656589000
20221214,179700,182347,174035,176573,496888000
20221215,171298,173036,166842,169359,478542000
20221216,168480,170249,163945,165553,478232000
20221219,165563,165933,161297,162386,354039000
20221220,160488,162945,158370,160698,403260000
20221221,160987,166112,160867,164854,325025000
20221222,160787,161227,148679,153245,565045000
20221223,151816,153245,148689,151916,349326000
20221227,150597,150857,140427,141076,464902000
20221228,139138,142485,138708,140227,351066000
20221229,143883,146691,142135,145892,354923000
20221230,143204,146151,142195,146001,310490000
20230103,148369,149818,140826,143014,401277000
20230104,145532,148389,142275,147350,431324000
20230105,144773,145502,141346,142515,389168000
20230106,144603,149958,140207,148449,405044000
20230109,152695,160408,151267,156132,504231000
20230110,154923,159469,154573,158939,384101000
20230111,158250,160128,155483,159858,353285000
20230112,160847,166212,154773,164954,551409000
20230113,162626,169060,161497,168830,447287000
20230117,168830,177112,168830,176852,511102000
20230118,176503,178561,172656,173605,439624000
20230119,170199,171807,167151,167491,452932000
20230120,169949,178391,168091,178221,564967000
20230123,180469,192268,178011,191748,655163000
20230124,188092,194765,188022,192468,496204000
20230125,188951,193517,185624,193047,449537000
20230126,196823,201469,192597,197832,489535000
20230127,194436,206085,193866,203457,542142000
20230130,199311,201209,191319,191439,488611000
20230131,191518,196684,189321,195185,498017000
20230201,196724,211719,195924,209232,660477000
20230202,209801,219282,206804,216884,564276000
20230203,209801,217244,207693,210800,429366000
20230206,207863,215496,207663,210690,452197000
20230207,213618,222379,211300,221520,664150000
20230208,223658,228563,219872,221840,559651000
20230209,225846,229982,220991,223159,523876000
20230210,216695,220571,207913,212449,550737000
20230213,215176,220271,209422,217674,474919000
20230214,215576,230272,213458,229493,675474000
20230215,225277,228334,220851,227425,420575000
20230216,221120,225287,219062,219812,412026000
20230217,216105,217194,209551,213678,465888000
20230221,209801,214736,205985,206354,410015000
20230222,206874,210840,204017,207343,513184000
20230223,234178,238654,230032,236416,1117995000
20230224,232030,234518,229253,232640,589716000
20230227,236476,238574,234318,234788,452994000
20230228,233499,238025,231840,231940,455963000
20230301,231700,232340,224867,226765,460026000
20230302,224667,233579,224108,232919,389415000
20230303,232979,238774,231081,238674,412393000
20230306,238684,242250,234648,235317,437429000
20230307,235817,241063,232229,232699,515154000
20230308,234688,241812,234058,241622,513573000
20230309,241562,244350,233648,234178,501257000
20230310,233908,236086,227083,229472,474866000
20230313,227343,232799,222797,229482,421890000
20230314,234777,242002,234418,240443,474910000
20230315,237425,242671,233419,242092,524486000
20230316,240083,255681,238754,255212,583253000
20230317,259618,263785,256481,257050,848547000
20230320,255951,260038,251105,258799,432747000
20230321,261597,263715,253613,261787,547408000
20230322,264045,275676,262166,264474,797295000
20230323,270939,274776,266693,271699,564889000
20230324,270100,271459,263345,267582,454920000
20230327,268162,269790,263445,265104,361026000
20230328,264265,264924,258299,263895,356104000
20230329,268042,270570,265763,269630,393694000
20230330,272079,274776,270810,273617,364516000
20230331,271189,278124,270839,277554,433933000
20230403,274876,279783,273148,279433,398716000
20230404,279443,279783,272858,274317,368592000
20230405,268082,269770,263745,268601,515015000
20230406,265634,270590,264065,270160,397654000
20230410,268022,275995,266483,275576,395279000
20230411,277025,277684,271049,271479,314378000
20230412,273487,274467,264275,264744,446259000
20230413,267132,268661,263085,264424,353615000
20230414,264834,268621,261996,267372,395660000
20230417,265444,269850,264125,269810,321471000
20230418,275116,280882,273358,276455,604812000
20230419,273397,279783,272108,279093,358660000
20230420,276495,280082,269790,270830,427713000
20230421,269311,271619,267012,270979,345103000
20230424,269920,273447,266503,270210,339282000
20230425,270570,272258,262046,262206,378527000
20230426,269810,273088,266843,269351,406337000
20230427,273417,274736,266043,272049,377161000
20230428,272039,277364,270500,277275,292216000
20230501,278184,290354,277584,288876,570329000
20230502,286577,288136,280612,281881,402730000
20230503,278184,283450,274507,277804,383387000
20230504,276295,278374,272188,275406,321850000
20230505,278044,287327,277095,286577,361494000
20230508,284998,291973,283280,291284,344979000
20230509,288766,289505,284279,285488,314869000
20230510,289825,290904,284389,288626,369350000
20230511,288736,289275,282241,285558,322149000
20230512,285068,287577,280242,283180,274222000
20230515,284859,289465,281301,289305,293926000
20230516,288186,298468,288096,291903,449405000
20230517,295610,301756,294071,301546,432535000
20230518,303864,318033,302965,316534,748725000
20230519,315115,315555,308920,312397,473908000
20230522,308770,314955,306562,311518,372000000
20230523,309759,312637,306072,306642,356253000
20230524,301865,305832,297829,305143,721419000
20230525,384931,394494,366066,379505,1543911000
20230526,378606,391396,375209,389158,714397000
20230530,405635,419055,399180,400799,923401000
20230531,394574,402637,377926,378046,1002580000
20230601,384591,400189,383102,397391,635873000
20230602,400659,404686,390277,392965,482731000
20230605,388788,395343,386770,391406,396094000
20230606,387999,391296,381184,386240,388729000
20230607,388888,394724,373309,374498,511998000
20230608,376986,388379,374798,384841,417772000
20230609,390107,396843,385411,387439,427717000
20230612,391736,395034,385920,394554,388701000
20230613,401590,410734,397133,409944,613208000
20230614,407966,429711,405247,429681,740465000
20230615,425734,432599,421187,426243,568622000
20230616,434208,436916,426323,426633,655709000
20230620,429691,439604,426453,437785,451153000
20230621,434718,435857,420517,430161,551603000
20230622,422246,433968,422056,429961,417737000
20230623,424354,427802,419867,421806,358140000
20230626,424324,427352,400730,406047,594322000
20230627,407716,419118,404208,418478,462175000
20230628,406326,418169,404907,410893,582639000
20230629,415300,415720,405727,407945,380514000
20230630,416520,425214,414731,422736,501148000
20230703,424884,428691,421736,423845,198209000
20230705,421067,431480,420567,422885,323618000
20230706,418159,421506,413182,420747,303582000
20230707,422935,431849,421516,424744,355881000
20230710,426283,427822,416210,421516,353908000
20230711,424524,427292,420387,423765,298244000
20230712,430041,439055,427482,438725,481277000
20230713,444881,461240,444621,459461,478204000
20230714,465517,480557,450297,454384,772075000
20230717,462579,464647,452316,464298,510488000
20230718,466696,478638,457032,474621,569164000
20230719,474321,477858,467106,470453,427502000
20230720,464757,470553,450317,454894,537865000
20230721,457572,458352,440703,442792,963769000
20230724,447009,450787,440104,445820,382516000
20230725,449108,461519,448928,456483,348081000
20230726,459901,460220,446000,454214,364237000
20230727,464877,473631,457192,458691,455976000
20230728,466366,469954,463498,467186,331194000
20230731,467226,470983,464747,466976,251055000
20230801,464288,468685,459960,464757,237858000
20230802,458002,458092,433578,442392,530142000
20230803,437705,450877,437705,444851,324176000
20230804,449547,456113,443631,446500,362666000
20230807,450807,455094,445330,453865,322154000
20230808,448228,452116,440264,446340,353843000
20230809,442442,442822,421057,425254,586449000
20230810,421317,435447,418069,423595,492705000
20230811,417229,419897,406117,408275,533085000
20230814,404588,437705,402839,437236,690286000
20230815,445300,452376,436806,439105,676512000
20230816,444901,446450,433768,434568,527451000
20230817,439404,440324,429721,433148,452395000
20230818,426063,435487,416320,432699,583768000
20230821,444641,470334,441923,469354,692573000
20230822,481026,481546,453025,456373,755293000
20230823,458352,471683,451776,470843,779046000
20230824,501822,502322,471273,471313,1156044000
20230825,469804,477729,449937,459871,925341000
20230828,464507,469484,448578,468035,685192000
20230829,466346,490480,463598,487512,701397000
20230830,490110,498934,483924,492309,735206000
20230831,493468,497106,489251,493218,528570000
20230901,497285,497665,481096,484764,463830000
20230905,481906,488182,478278,485154,382653000
20230906,484124,485204,465525,470332,468670000
20230907,454981,463167,451254,462137,433330000
20230908,459149,465785,452443,455451,473069000
20230911,461208,461358,442858,451513,473966000
20230912,447116,456460,445047,448435,349256000
20230913,445737,459029,444767,454582,398355000
20230914,459229,459599,451044,455541,370097000
20230915,453142,455721,437821,438741,506831000
20230918,427228,442159,419752,439400,500271000
20230919,438071,439401,429766,434943,373064000
20230920,435743,438771,421981,422141,367108000
20230921,415585,420751,409558,409928,450736000
20230922,415475,420901,412067,415854,479236000
20230925,415664,425109,411527,421971,419091000
20230926,419762,427947,416304,418863,402282000
20230927,423050,428467,416044,424429,444935000
20230928,424349,434204,420901,430636,424663000
20230929,438011,441180,432814,434733,397830000
20231002,440040,451483,438351,447556,433298000
20231003,447816,451034,432205,434913,470850000
20231004,437162,441170,432665,440150,361821000
20231005,440240,448735,438621,446616,393483000
20231006,441669,457620,440000,457350,434436000
20231009,448155,455781,443418,452463,409675000
20231010,452833,462317,450614,457710,368582000
20231011,461687,468313,460228,467784,378137000
20231012,467494,475809,463027,469173,481325000
20231013,469323,470882,452533,454342,474115000
20231016,450364,461977,448855,460678,375099000
20231017,439740,447276,424549,439121,812333000
20231018,425659,431935,418003,421711,627294000
20231019,427857,432714,418573,420762,501233000
20231020,418653,424449,410538,413626,477266000
20231023,412047,432225,409208,429496,478530000
20231024,430516,436712,426658,436372,401463000
20231025,433724,436242,415305,417543,398379000
20231026,418283,422311,398565,403022,541001000
20231027,411057,411817,399914,404761,416784000
20231030,410628,417414,404571,411367,388028000
20231031,404261,408549,392068,407559,517969000
20231101,408599,423560,408449,423000,437593000
20231102,433024,438581,428687,434803,409172000
20231103,439940,452823,436972,449784,424610000
20231106,452583,459079,448725,457240,400733000
20231107,456920,461907,451314,459279,343165000
20231108,460728,468393,459409,465465,346719000
20231109,474390,482015,467224,469223,540496000
20231110,474720,484434,472551,483065,421245000
20231113,482915,490870,480706,485913,384136000
20231114,496507,498046,490111,496267,416954000
20231115,499055,499305,481716,488592,475497000
20231116,486503,494958,483015,494508,339756000
20231117,494948,496877,489781,492689,325205000
20231120,492829,505182,491520,503793,414120000
20231121,500964,504872,491930,499145,565747000
20231122,498226,503053,476619,486873,899420000
20231124,484414,488921,477168,477478,294645000
20231127,477718,485014,476239,482135,395662000
20231128,482075,482945,474450,477928,401491000
20231129,483505,487332,478318,481116,382005000
20231130,479957,480816,463946,467424,526247000
20231201,464975,471721,461597,467374,369317000
20231204,460498,460498,449834,454831,437543000
20231205,454432,465766,452483,465426,371718000
20231206,471913,473632,453892,454801,380590000
20231207,456770,466056,455811,465726,350823000
20231208,465716,477170,465266,474821,359224000
20231211,474672,475071,458070,466036,509728000
20231212,460229,476421,460229,476331,372387000
20231213,476051,485696,475841,480639,447792000
20231214,483657,486456,473982,483257,391232000
20231215,481698,493792,480958,488654,479948000
20231218,493752,504077,491253,500519,412587000
20231219,493992,496750,488704,495791,464444000
20231220,496301,499739,480738,480868,397894000
20231221,487865,490703,483947,489654,300425000
20231222,491703,493582,484427,488055,252507000
20231226,489434,495751,489354,492542,244200000
20231227,494861,496551,490604,493922,233648000
20231228,496181,498589,493872,494971,246587000
20231229,497880,499719,487265,494971,389293000
20240102,492193,492702,475711,481438,411254000
20240103,474611,481598,472962,475451,320896000
20240104,477430,484756,474841,479739,306535000
20240105,484377,495221,482817,490723,415039000
20240108,494871,522488,494542,522268,642510000
20240109,523747,542977,516640,531133,773100000
20240110,535891,545726,534621,543227,533796000
20240111,549714,553182,535331,547945,596759000
20240112,545926,549424,543027,546825,352994000
20240116,549904,568065,548724,563537,449580000
20240117,563187,564426,547125,560249,474394000
20240118,572313,575711,560788,570783,491650000
20240119,579599,594701,571963,594611,543501000
20240122,600189,603007,590403,596241,452955000
20240123,595401,598799,585556,598429,294654000
20240124,602737,628175,599079,613312,560271000
20240125,623187,626875,608194,615861,482777000
20240126,609294,617520,605426,610004,390309000
20240129,612013,624576,608764,624336,348733000
20240130,628684,634611,622287,627425,410735000
20240131,614092,622377,606695,614961,453795000
20240201,620688,631593,616191,629954,369146000
20240202,639419,665666,636580,661268,476578000
20240205,681908,694621,671713,692972,680078000
20240206,695951,697190,662667,681888,683111000
20240207,682847,701848,675661,700638,495575000
20240208,700388,707585,694201,696060,414422000
20240209,704976,721488,701768,720968,436637000
20240212,725636,745736,712142,722117,613710000
20240213,703647,734131,695851,720918,602580000
20240214,731653,741988,719019,738629,504917000
20240215,738319,739379,723637,726215,420122000
20240216,740628,743647,724646,725765,495327000
20240220,719109,719199,677000,694171,704833000
20240221,679719,688534,662148,674381,673755000
20240222,749874,785356,741828,784986,865100000
20240223,807495,823526,775311,787774,829388000
20240226,796600,806055,784656,790523,503973000
20240227,793412,794401,771233,786615,391705000
20240228,775810,788934,770863,776240,393110000
20240229,790543,799499,783107,790723,507289000
20240301,799598,822587,793951,822377,479135000
20240304,840878,876510,836770,851942,615616000
20240305,852312,860578,833791,859249,520639000
20240306,879820,896832,869904,886597,582520000
20240307,901170,927248,895612,926268,608119000
20240308,950947,973557,864667,874882,1142269000
20240311,863897,887566,841277,857350,678364000
20240312,880090,919182,861108,918712,668075000
20240313,910136,914624,883948,908467,635713000
20240314,895363,906048,865606,879040,602318000
20240315,868905,895053,862178,877970,642086000
20240318,903469,923630,870454,884148,668976000
20240319,866606,905028,849713,893573,672171000
20240320,897562,903689,881829,903309,479063000
20240321,922580,926059,903639,913934,480372000
20240322,910995,947349,907927,942461,586719000
20240325,938983,967220,934675,949588,552136000
20240326,958074,963312,924599,925189,513648000
20240327,930696,931976,890825,902089,586067000
20240328,899591,912585,891524,903149,435212000
20240401,902579,921830,891634,903219,452441000
20240402,884078,900530,875801,894113,433064000
20240403,884438,903329,883598,889235,370067000
20240404,903649,905928,858409,858659,434965000
20240405,868265,884408,858869,879680,399678000
20240408,886596,887896,866925,870934,283220000
20240409,874022,875951,829842,853152,501700000
20240410,838878,873602,836709,869994,431929000
20240411,873802,906977,868865,905748,431637000
20240412,896582,901340,874902,881459,426805000
20240415,890575,905718,858899,859619,443077000
20240416,863937,880779,860249,873752,370453000
20240417,882998,887346,839118,839968,495400000
20240418,849314,861508,823645,846325,447260000
20240419,831122,842857,755716,761653,875198000
20240422,780685,800366,763653,794818,596341000
20240423,807323,827314,802275,823855,438559000
20240424,839118,840438,791470,796408,512208000
20240425,788321,832851,781874,825944,424641000
20240426,837799,882908,833491,876951,551011000
20240429,875552,879520,852272,877171,388971000
20240430,872003,887786,862607,863627,363709000
20240501,850383,859609,812180,830032,559863000
20240502,844106,861978,831621,857780,377898000
20240503,877491,892404,870004,887486,398341000
20240506,893493,921781,890145,920981,376203000
20240507,910566,917393,889705,905128,437342000
20240508,894423,911525,893793,903709,325721000
20240509,904878,910306,881909,887066,378013000
20240510,902639,913594,891864,898371,335325000
20240513,904368,909566,884887,903579,289680000
20240514,895583,916093,888936,913145,296507000
20240515,924299,948189,915573,945870,417735000
20240516,948668,957754,940602,943161,323952000
20240517,943261,946969,917642,924369,359691000
20240520,937074,951567,933975,947369,318764000
20240521,935564,953566,931376,953426,328946000
20240522,954156,959763,932066,949068,548648000
20240523,1019816,1062717,1014738,1037518,835065000
20240524,1044015,1064266,1029532,1064206,429494000
20240528,1101939,1148867,1098330,1138492,652728000
20240529,1129986,1154395,1108506,1147728,557442000
20240530,1145979,1157663,1096131,1104497,484553000
20240531,1124688,1126658,1068914,1095832,613263000
20240603,1135693,1149477,1119521,1149477,438392000
20240604,1156634,1165470,1139932,1163841,403324000
20240605,1183172,1223933,1174146,1223843,528402000
20240606,1239916,1255299,1182662,1209430,664696000
20240607,1197155,1216367,1179683,1208330,412386000
20240610,1203153,1230440,1169568,1217346,313434100
20240611,1217246,1228242,1186957,1208649,222551200
20240612,1230142,1268327,1225243,1251534,299595000
20240613,1293418,1297516,1271126,1295617,260704500
20240614,1299116,1327905,1282722,1318309,309320400
20240617,1329405,1336802,1295317,1309312,288504400
20240618,1310911,1362792,1306413,1355295,294335100
20240620,1397479,1407076,1294718,1307313,517768400
20240621,1270726,1305813,1242537,1265228,649445800
20240624,1231941,1244136,1179960,1180660,476060900
20240625,1211548,1264529,1192755,1260430,414192600
20240626,1260830,1280723,1225543,1263529,362975900
20240627,1240538,1263629,1228742,1239438,252571700
20240628,1245336,1276624,1227043,1234940,315516700
20240701,1234240,1247935,1187857,1242537,284885500
20240702,1210849,1233640,1209849,1226243,218374000
20240703,1216147,1282322,1213148,1282322,215749000
20240705,1273325,1288020,1256332,1257831,214176700
20240708,1274425,1307213,1269927,1281522,237677300
20240709,1303015,1337702,1286021,1313311,285366600
20240710,1339801,1350497,1323707,1348598,248978600
20240711,1356994,1360993,1270027,1273525,374782700
20240712,1282122,1318709,1271726,1291919,252680500
20240715,1305114,1313410,1271326,1283921,208326200
20240716,1283921,1289919,1245336,1263129,214769500
20240717,1213048,1218046,1166765,1179460,390086200
20240718,1218046,1223544,1165166,1210449,320979500
20240719,1203052,1215547,1173263,1178861,217223800
20240722,1203052,1240238,1198153,1234940,258068900
20240723,1227343,1246435,1220545,1225443,173911000
20240724,1191256,1199053,1133977,1142074,327776900
20240725,1129979,1165865,1062604,1122382,460067000
20240726,1161467,1161567,1115384,1130179,293399100
20240729,1136476,1162367,1112585,1115484,248152100
20240730,1114784,1119483,1025018,1036913,486833300
20240731,1128579,1182959,1108387,1169764,473174200
20240801,1174862,1201152,1067702,1091693,523462300
20240802,1037213,1086795,1013322,1072300,482027500
20240805,920257,1033715,906562,1004126,552842400
20240806,1038013,1076699,1005125,1042111,409012100
20240807,1077698,1087595,986532,988731,411440400
20240808,1019620,1054607,974836,1049309,391910000
20240809,1056006,1065603,1033915,1047110,290844200
20240812,1062804,1110286,1062204,1089794,325559900
20240813,1123981,1161867,1115384,1160967,312646700
20240814,1184858,1185558,1140275,1180360,339246400
20240815,1187158,1231941,1174262,1228142,318086700
20240816,1218946,1249534,1211348,1245336,302589900
20240819,1242337,1299516,1233740,1299516,318333600
20240820,1283522,1298316,1258431,1272026,300087400
20240821,1272726,1293018,1266128,1284521,257883600
20240822,1299716,1307013,1230541,1236939,376189100
20240823,1258131,1295517,1251733,1293218,323230300
20240826,1295217,1312111,1243237,1264129,331964700
20240827,1250034,1291519,1238338,1282522,303134600
20240828,1280723,1282822,1225943,1255632,448101100
20240829,1213148,1243836,1166665,1175462,453023300
20240830,1194855,1217046,1171763,1193255,333751600
20240903,1159668,1161667,1072500,1079598,477155100
20240904,1053707,1132278,1040812,1061704,372470300
20240905,1049509,1096091,1047210,1071701,306850700
20240906,1079997,1081097,1009124,1027917,413638100
20240909,1048409,1065103,1036514,1064303,273912000
20240910,1077698,1093592,1049109,1080597,268283700
20240911,1093492,1171463,1073800,1168664,441422400
20240912,1168064,1207553,1153469,1191058,366052700
20240913,1190458,1199256,1175662,1190658,238358300
20240916,1167565,1181461,1143272,1167465,248772300
20240917,1181361,1187659,1147970,1155568,231925900
20240918,1158567,1176662,1131875,1133374,310318900
