20200102,282999,287133,281140,286840,142981500
20200103,293666,302666,291280,295340,266677500
20200106,293646,301040,293333,301026,151995000
20200107,307600,314419,302240,312706,268231500
20200108,315799,332326,312153,328093,467164500
20200109,331399,332533,315246,320893,426606000
20200110,321193,323293,315799,318766,194392500
20200113,329000,350419,327999,349906,397764000
20200114,362840,364939,349933,358613,434943000
20200115,353173,358559,344526,345666,260532000
20200116,329166,342973,328113,342326,326050500
20200117,338406,343779,335439,340333,204436500
20200121,353499,365719,352273,364799,267052500
20200122,381259,396333,372733,379706,470535000
20200123,376166,387999,370400,381466,294765000
20200124,380419,382573,369506,376546,215304000
20200127,361326,376293,359519,372013,204121500
20200128,378993,384539,372053,377933,176827500
20200129,383793,393199,378286,387326,267022500
20200130,421613,433919,412000,427206,435085500
20200131,426666,435333,421679,433713,235789500
20200203,449126,524093,449013,520000,705975000
20200204,588639,645993,555919,591373,914082000
20200205,548839,563986,469406,489799,726357000
20200206,466613,530553,457999,499306,598212000
20200207,487033,513166,486666,498713,255952500
20200210,533333,546660,501599,514186,370338000
20200211,512526,522340,505333,516253,175462500
20200212,518580,526500,508913,511526,180337500
20200213,494560,545333,490000,535999,394339500
20200214,524813,541980,523666,533353,235405500
20200218,561066,573333,554906,572266,245725500
20200219,615666,629853,600680,611613,381345000
20200220,607966,607999,573293,599606,264523500
20200221,604653,608706,586966,600666,214722000
20200224,559333,575666,548133,555859,227883000
20200225,565999,571066,524666,533273,259357500
20200226,521666,542206,517406,519199,211282500
20200227,486666,493180,445999,452666,364158000
20200228,419799,460346,407680,445326,363343500
20200302,474173,495793,457779,495746,302925000
20200303,536666,537986,477406,497006,386760000
20200304,509306,511013,483153,499666,225735000
20200305,482513,497166,478713,483026,162790500
20200306,460000,471333,456180,468986,189943500
20200309,403593,442000,403333,405333,256105500
20200310,439620,445333,405333,430219,233916000
20200311,426800,435719,408666,422820,199837500
20200312,387260,396333,364166,373699,283636500
20200313,396666,405046,334666,364413,339604500
20200316,312999,329913,294780,296713,307342500
20200317,293339,314566,263999,286800,359919000
20200318,259333,269906,233673,240813,356793000
20200319,249799,301333,238973,285093,452932500
20200320,292133,317999,283859,285020,424282500
20200323,289066,294666,273666,289526,246817500
20200324,318199,342459,316000,336666,343428000
20200325,363499,371333,340740,359500,318340500
20200326,364926,373333,341500,352106,260710500
20200327,336666,350533,329353,342906,215661000
20200330,340173,344433,327486,334753,179971500
20200331,334166,361973,331333,349333,266572500
20200401,335999,342633,316733,321040,200298000
20200402,320686,329506,297600,302980,297876000
20200403,339666,343660,312259,320006,338431500
20200406,340800,347333,331973,344160,223527000
20200407,363333,376666,354893,363633,268797000
20200408,369466,371473,355553,365893,189840000
20200409,374726,383453,371406,382000,204750000
20200413,393440,434666,387019,433966,337131000
20200414,465979,494586,461619,473260,458647500
20200415,494666,502086,473333,486553,353655000
20200416,477960,506300,471146,496806,309868500
20200417,514853,516633,498440,502593,196923000
20200420,488466,510379,474806,497573,221199000
20200421,486746,502220,449193,457813,303136500
20200422,469319,489333,459140,488073,212482500
20200423,485066,489333,468753,470419,198550500
20200424,473873,487153,465453,483433,198180000
20200427,491739,532993,490000,532500,310221000
20200428,530426,536666,504459,512746,228330000
20200429,526780,535466,522106,533673,243240000
20200430,570126,579879,509000,521253,427078500
20200501,503333,515180,455359,467546,487977000
20200504,467333,507999,465333,507459,288556500
20200505,526526,532613,508120,512140,254875500
20200506,517666,526533,507406,521720,166848000
20200507,518139,530933,514900,520026,172915500
20200508,529179,549333,524673,546279,241297500
20200511,527006,549333,523333,540859,247794000
20200512,551333,562193,538666,539606,238603500
20200513,547220,550666,508866,527306,285982500
20200514,520000,535573,509333,535553,205233000
20200515,526899,536699,524366,532779,157776000
20200518,551853,556479,535919,542420,174987000
20200519,543446,548046,537386,538673,144547500
20200520,547000,550666,541199,543706,109639500
20200521,544000,555000,530666,551733,183819000
20200522,548113,554519,541333,544586,149812500
20200526,556333,556399,543806,545913,121345500
20200527,547239,551806,523333,546819,173242500
20200528,542340,549833,534459,537206,108834000
20200529,539166,556666,536139,556666,176467500
20200601,572000,599333,569399,598733,224092500
20200602,596466,605773,580666,587706,203484000
20200603,592080,598626,586733,588639,119242500
20200604,593253,597166,572293,576253,133315500
20200605,585226,591013,577466,590439,117178500
20200608,612666,633333,606106,633279,212620500
20200609,626673,636293,615953,627113,170823000
20200610,661253,684986,655000,683366,278451000
20200611,660133,679306,648000,648560,238747500
20200612,653333,658653,608400,623520,251451000
20200615,611860,665893,605666,660599,235458000
20200616,674566,675253,641593,654753,210766500
20200617,658473,670000,655046,661193,148362000
20200618,668666,679466,662979,669306,146278500
20200619,675186,677313,660893,667266,130195500
20200622,666633,672586,660013,662880,95436000
20200623,665920,674666,662673,667853,95479500
20200624,662740,667253,635426,640566,164394000
20200625,636180,657320,624766,657320,138817500
20200626,663186,663333,636580,639826,132823500
20200629,646006,673333,632346,672900,135396000
20200630,670999,725126,669153,719873,253777500
20200701,721999,756886,720333,746419,199903500
20200702,814319,818666,790400,805773,258751500
20200706,851126,918526,844026,914386,308548500
20200707,936673,953000,891139,926573,322345500
20200708,936666,944840,874226,910586,244669500
20200709,931326,939039,900853,929520,175764000
20200710,930666,1032613,917340,1029766,350064000
20200713,1105999,1196660,980739,998040,584781000
20200714,1037333,1060000,954000,1011200,351271500
20200715,1028666,1033333,971333,1030673,245517000
20200716,984773,1021139,977333,1000426,214512000
20200717,1008966,1025006,993333,1000559,139950000
20200720,1012673,1100000,991999,1095333,256821000
20200721,1093286,1116666,1038666,1045573,241608000
20200722,1065999,1084280,1041333,1061553,212416500
20200723,1119300,1125999,987180,1008713,364927500
20200724,944006,976666,911026,944666,290949000
20200727,956666,1031959,941999,1026399,240730500
20200728,1002666,1043133,982946,984326,237130500
20200729,1000666,1023206,991333,999406,141403500
20200730,991999,1008826,980666,991660,114315000
20200731,1010000,1011366,947320,953840,183123000
20200803,966133,1006539,962919,990000,132139500
20200804,996673,1018273,974666,991333,126225000
20200805,995326,999893,978873,990013,74217000
20200806,993886,1011539,984840,993053,89884500
20200807,999693,999833,943339,968473,133446000
20200810,965333,971666,923893,945713,112834500
20200811,930666,946666,910000,916259,129387000
20200812,980000,1056666,956666,1036506,327441000
20200813,1074000,1100786,1044840,1080666,306379500
20200814,1109993,1112533,1084426,1100473,188664000
20200817,1118000,1230573,1115220,1223759,303634500
20200818,1265993,1282599,1230073,1258059,247117500
20200819,1243333,1274000,1227473,1252353,183079500
20200820,1240453,1347993,1238040,1334553,309177000
20200821,1363173,1396993,1350033,1366653,322344000
20200824,1417519,1419333,1285013,1342799,300954000
20200825,1316593,1351966,1311999,1348893,159883500
20200826,1373333,1443999,1369086,1435446,213591000
20200827,1453639,1530399,1428333,1492500,355395000
20200828,1530079,1545659,1457680,1475599,301218000
20200831,1482033,1667133,1467033,1661066,355123200
20200901,1673800,1674966,1568366,1583500,269523300
20200902,1596633,1596799,1350399,1491233,288528300
20200903,1357433,1439333,1340000,1356666,262788300
20200904,1342700,1426666,1240066,1394400,330965700
20200908,1186666,1229133,1099599,1100699,346397100
20200909,1188666,1230000,1138366,1220933,238397400
20200910,1287366,1329966,1201866,1237799,254791800
20200911,1273133,1275000,1201666,1242399,182152500
20200914,1269833,1400000,1244333,1398733,249061800
20200915,1455200,1539799,1435666,1499199,291894600
20200916,1466233,1525966,1451033,1472533,216837900
20200917,1385333,1459299,1360000,1411433,230337600
20200918,1493133,1503333,1429333,1473833,259220400
20200921,1510433,1518933,1356900,1497966,328430400
20200922,1431999,1459199,1391999,1414100,238742400
20200923,1350533,1373833,1252933,1267866,285222600
20200924,1212666,1331666,1170999,1292633,289683300
20200925,1311566,1362433,1304333,1357799,201625500
20200928,1415399,1426933,1385166,1403999,149158800
20200929,1386666,1428333,1371999,1396900,150657900
20200930,1404400,1446433,1401566,1430033,144436800
20201001,1469199,1496266,1448066,1493866,152224500
20201002,1404633,1463766,1383333,1383633,214290000
20201005,1411166,1445466,1397766,1418933,134168400
20201006,1412633,1429266,1353500,1379933,147438900
20201007,1399566,1433000,1379499,1417666,129383100
20201008,1461466,1463333,1417666,1419733,121263300
20201009,1433766,1448633,1421533,1446666,86777100
20201012,1473333,1495800,1461933,1474333,116373300
20201013,1477833,1496300,1455333,1488833,103391100
20201014,1499266,1553000,1491166,1537666,143639100
20201015,1501033,1521900,1475000,1496266,107017200
20201016,1514799,1519833,1462833,1465566,98327700
20201019,1487466,1490000,1429566,1436100,108863400
20201020,1439166,1439166,1396833,1406466,94968900
20201021,1408999,1443166,1404166,1408800,97111500
20201022,1473066,1484100,1415033,1419299,119979600
20201023,1406133,1409633,1357933,1402100,101151000
20201026,1372100,1419199,1366666,1400933,84717600
20201027,1412533,1435000,1400333,1415599,68059500
20201028,1388266,1395333,1353333,1353399,76354200
20201029,1366533,1393533,1354866,1369433,67965900
20201030,1356333,1358633,1263700,1293466,127533900
20201102,1313333,1356600,1307666,1335033,87063300
20201103,1365766,1425899,1355633,1413000,103055100
20201104,1435399,1451333,1390333,1403266,96429300
20201105,1427666,1466666,1413333,1460299,85243500
20201106,1453666,1455233,1414266,1433166,65118000
20201109,1465000,1508333,1403333,1404199,104499000
20201110,1400299,1400299,1320099,1367866,90852600
20201111,1388166,1395666,1368600,1390433,52073100
20201112,1383500,1410000,1365066,1372533,59565300
20201113,1369499,1375099,1338866,1361666,59313300
20201116,1363099,1374833,1346966,1360299,80515800
20201117,1533899,1540000,1443366,1472033,183564900
20201118,1494499,1653333,1478333,1622133,234132000
20201119,1640000,1695366,1625233,1664233,187425900
20201120,1659966,1675000,1630200,1632033,98735700
20201123,1678333,1753333,1672633,1739499,150780900
20201124,1801333,1866633,1753999,1851266,160945500
20201125,1833533,1913333,1817899,1913333,146790600
20201127,1937200,1995933,1928166,1952533,112683300
20201130,2007366,2026000,1848366,1891999,189009300
20201201,1991966,1992833,1906833,1949199,120310500
20201202,1854799,1905133,1804033,1896066,143327100
20201203,1966733,1996566,1941433,1977933,127656000
20201204,1970033,1996799,1951666,1996799,88203900
20201207,2016399,2162633,2010166,2139199,168929100
20201208,2085033,2170933,2061666,2166266,192795000
20201209,2178966,2181066,1960000,2014933,213873600
20201210,1914566,2092500,1887799,2090233,201249600
20201211,2050033,2080000,1989333,2033300,139425000
20201214,2063333,2142500,2033999,2132766,156121800
20201215,2144266,2156333,2079333,2110833,135214500
20201216,2094100,2108333,2016666,2075899,126287400
20201217,2093966,2196066,2065000,2186333,168810300
20201218,2229666,2316666,2095133,2316666,666378600
20201221,2220800,2228333,2153566,2166199,174135900
20201222,2160000,2166266,2047433,2134466,155148000
20201223,2107333,2171666,2075233,2153266,99519000
20201224,2143300,2220299,2136666,2205899,68596800
20201228,2248366,2271333,2202666,2212299,96835800
20201229,2203333,2233000,2183333,2219966,68732400
20201230,2240000,2321999,2227866,2315933,128538000
20201231,2333300,2395733,2303733,2352233,148949700
20210104,2398200,2481633,2390633,2432566,145914600
20210105,2412200,2469466,2397333,2450366,96735600
20210106,2528300,2580000,2496999,2519933,134100000
20210107,2592099,2723299,2583999,2720133,154496700
20210108,2853333,2948299,2794633,2933399,225166500
20210111,2831333,2848099,2678733,2703966,177904800
20210112,2770000,2893333,2757799,2831466,138812100
20210113,2842533,2868233,2773333,2848033,99937500
20210114,2811300,2876666,2795833,2816666,93798900
20210115,2840000,2866333,2730333,2753866,116332800
20210119,2792666,2833333,2776666,2815166,76101000
20210120,2862466,2865000,2790933,2834833,76997700
20210121,2850000,2852399,2804733,2816633,61563300
20210122,2781033,2826666,2762066,2822133,60199500
20210125,2850000,3001333,2796066,2936000,123520200
20210126,2971266,2986333,2905333,2943633,69394800
20210127,2901166,2971666,2862200,2880533,82002000
20210128,2733333,2826666,2670000,2784766,79134000
20210129,2766666,2808033,2600333,2645100,104972400
20210201,2714299,2806666,2651866,2799366,76174200
20210202,2815599,2935000,2807333,2909299,73038600
20210203,2923399,2926933,2843533,2848966,55030500
20210204,2850000,2855000,2778066,2833299,47438100
20210205,2816666,2882566,2796566,2840766,55699800
20210208,2898900,2925899,2849166,2878066,60485100
20210209,2850400,2866000,2805833,2831533,45473100
20210210,2812133,2816066,2666733,2682733,108648300
20210211,2708133,2766266,2672433,2705533,64868400
20210212,2670866,2724433,2617766,2720400,71304900
20210216,2726666,2736666,2641466,2654066,59406900
20210217,2596966,2666133,2540033,2660499,77989500
20210218,2602999,2648966,2587566,2624599,53871300
20210219,2650000,2655966,2591233,2604333,56874900
20210222,2542133,2561666,2367333,2381666,111809100
20210223,2207100,2378699,2063333,2329466,199820700
20210224,2372833,2483333,2313899,2473399,110301000
20210225,2420500,2457366,2235266,2274066,117071700
20210226,2333333,2355666,2198366,2251666,123267600
20210301,2300366,2396666,2283500,2394766,81408600
20210302,2394266,2403699,2283333,2288133,71196600
20210303,2293300,2335666,2172366,2177333,90624000
20210304,2186000,2228166,2000000,2071466,197758500
20210305,2086866,2092799,1798300,1993166,268189500
20210308,2001833,2067100,1862633,1876666,155361000
20210309,2027266,2260299,1984033,2245266,202569900
20210310,2334333,2392833,2183533,2226866,181817100
20210311,2331333,2341666,2257266,2331999,108761700
20210312,2233333,2316266,2220466,2312433,100751400
20210315,2313633,2377266,2280133,2359799,88006800
20210316,2344499,2359733,2236666,2256266,96587100
20210317,2189566,2345766,2170033,2339366,121117500
20210318,2280966,2297433,2173333,2177200,99674400
20210319,2155333,2190766,2082066,2182899,128682000
20210322,2281966,2332066,2229166,2233333,118536600
20210323,2252566,2259333,2191699,2207200,91475700
20210324,2226366,2226733,2100366,2100899,101385600
20210325,2043333,2151666,2031666,2134633,117674700
20210326,2139566,2146066,1999633,2062366,101558400
20210329,2052133,2054933,1986733,2037633,85911000
20210330,2005833,2125533,1970033,2118733,118297200
20210331,2155399,2240000,2137033,2226433,100011900
20210401,2294566,2308066,2198066,2205833,105895200
20210405,2359033,2360533,2282333,2303500,125528400
20210406,2301000,2321833,2271233,2305399,84815400
20210407,2290000,2304600,2226133,2236566,78928200
20210408,2257933,2298500,2238833,2279333,71772900
20210409,2259233,2269900,2231433,2256733,64311300
20210412,2285666,2349333,2273633,2339933,87407100
20210413,2375666,2543333,2368866,2541066,133958400
20210414,2568999,2602633,2426766,2440766,147052200
20210415,2476999,2478966,2404366,2462833,83546700
20210416,2428833,2498033,2415333,2465933,83938500
20210419,2398666,2418000,2306000,2382100,119058600
20210420,2391399,2457500,2368966,2396633,106827000
20210421,2349233,2482799,2326666,2480399,93646500
20210422,2471666,2512566,2393466,2398966,106770900
20210423,2399333,2457866,2384866,2431333,85110000
20210426,2470000,2497666,2442033,2460666,93115500
20210427,2393200,2413333,2344499,2349133,88311000
20210428,2321366,2361666,2311999,2314666,66813000
20210429,2331699,2340833,2228333,2256666,86536200
20210430,2225299,2384900,2220466,2364799,122276100
20210503,2346000,2353333,2268333,2283000,81129300
20210504,2263133,2278166,2192333,2245333,89217900
20210505,2270200,2284333,2224466,2236466,65705700
20210506,2269199,2270066,2166666,2211799,83353800
20210507,2219333,2300000,2200733,2241233,70407600
20210510,2216333,2216833,2092033,2096799,94177200
20210511,1997466,2090333,1985333,2057333,139511700
20210512,2008300,2068033,1955899,1966300,101470800
20210513,2005133,2021533,1865500,1905633,132554700
20210514,1944700,1976233,1901533,1965800,100112700
20210517,1918500,1965766,1870666,1922766,97171200
20210518,1893333,1987500,1877933,1926233,110491800
20210519,1841833,1887366,1823266,1878200,118735200
20210520,1916666,1962833,1903566,1955933,92463300
20210521,1987033,1988933,1933333,1936266,78091800
20210524,1938666,2048266,1912166,2021466,103674300
20210525,2024366,2046633,1985700,2015633,84017700
20210526,2025200,2087233,2005000,2063766,85917900
20210527,2067466,2103766,2054033,2102833,79111800
20210528,2095000,2118633,2074600,2084066,68211000
20210601,2092666,2112666,2068500,2079666,54254700
20210602,2067100,2077866,1997133,2017066,69908400
20210603,2006000,2015166,1904066,1909466,90335700
20210604,1932366,2002033,1923999,1996833,72110700
20210607,1972766,2033333,1942933,2017100,67631100
20210608,2076699,2076966,1985000,2011966,78160200
20210609,2007233,2039299,1992100,1995933,49753800
20210610,2012933,2055299,2001666,2033733,71758800
20210611,2034100,2041866,2005066,2032966,48615900
20210614,2040766,2084966,2030599,2058966,61272000
20210615,2055633,2055966,1994100,1997866,53292300
20210616,1991799,2028333,1978333,2016233,66432300
20210617,2006300,2071566,2004466,2055333,68104200
20210618,2044566,2094499,2039333,2077700,73682700
20210621,2081600,2104633,2029600,2069433,74438100
20210622,2060833,2095233,2051666,2079033,57476700
20210623,2106666,2190666,2100133,2188566,93297600
20210624,2249966,2325399,2225366,2266066,137947200
20210625,2298600,2312700,2228999,2239566,97490100
20210628,2238800,2315666,2234400,2295733,64884600
20210629,2282166,2291699,2252966,2269199,52143900
20210630,2265899,2309366,2260466,2265666,56774700
20210701,2279733,2293300,2242666,2259733,55903500
20210702,2263266,2333333,2244199,2263000,81163500
20210706,2272366,2280000,2171333,2198600,69853500
20210707,2214233,2218999,2127733,2148833,56376000
20210708,2094566,2181433,2068200,2176033,68319900
20210709,2177266,2196366,2148966,2189833,54421500
20210712,2207333,2290800,2207200,2285666,77781000
20210713,2287733,2310933,2221000,2228466,62898300
20210714,2235833,2262033,2176133,2177933,64923600
20210715,2194633,2220466,2126266,2168666,60628800
20210716,2182266,2188999,2140666,2147400,49113000
20210719,2099633,2157333,2070966,2154066,63891300
20210720,2173300,2207966,2135000,2201666,46461300
20210721,2198699,2216199,2167633,2184299,41859900
20210722,2188133,2207233,2148666,2164199,45317100
20210723,2154533,2162666,2124333,2144600,43814700
20210726,2169900,2227333,2157033,2192066,76009800
20210727,2211333,2221666,2090800,2149266,98439900
20210728,2156666,2183233,2131333,2156600,48019800
20210729,2165966,2278966,2162666,2257833,91183800
20210730,2239199,2325099,2230000,2290666,88969200
20210802,2333333,2423133,2328000,2365566,100847400
20210803,2396666,2408833,2336699,2365800,64860900
20210804,2370000,2416333,2363099,2369733,51007800
20210805,2386666,2403166,2371366,2382100,38758800
20210806,2373000,2387766,2325433,2330333,46869000
20210809,2367233,2396766,2350433,2379199,44145900
20210810,2379966,2388633,2339600,2366633,40296900
20210811,2375700,2383933,2347366,2359400,29401800
20210812,2354466,2409333,2331333,2407500,52377300
20210813,2412366,2433000,2381133,2390566,50194500
20210816,2350233,2365000,2254666,2287233,68032200
20210817,2242200,2248600,2162799,2219033,71163900
20210818,2232500,2319233,2231166,2296633,61048200
20210819,2260700,2288500,2225299,2244900,42940500
20210820,2276166,2307100,2245666,2267533,44525700
20210823,2284799,2373766,2269166,2354333,60794700
20210824,2368933,2384066,2342133,2361633,39249300
20210825,2356766,2389900,2346666,2370666,37936800
20210826,2361033,2384666,2325399,2337200,39642900
20210827,2350000,2383333,2340333,2373066,41501400
20210830,2382400,2436666,2375766,2436366,55812600
20210831,2443333,2467966,2421466,2452400,62566200
20210901,2446933,2473300,2437566,2446966,39612900
20210902,2448333,2469900,2435133,2441300,38331900
20210903,2440833,2446666,2413999,2445233,45738300
20210907,2466666,2533999,2464199,2509733,60119400
20210908,2538600,2548166,2469233,2512899,56379000
20210909,2511366,2540333,2505433,2516199,42233100
20210910,2531999,2542033,2448399,2454233,45552600
20210913,2467366,2482599,2362833,2476666,68857500
20210914,2475233,2514900,2454666,2481633,55574700
20210915,2483333,2522866,2461199,2519433,46073100
20210916,2509433,2529700,2492033,2523300,41770200
20210917,2523833,2536799,2500000,2531633,84612600
20210920,2448533,2473333,2395399,2433899,74273100
20210921,2449299,2482466,2434799,2464600,48992100
20210922,2478433,2512233,2463733,2506466,45378900
20210923,2516666,2527333,2493066,2512133,35842500
20210924,2486300,2582666,2481866,2581300,64119000
20210927,2577066,2663333,2564366,2637866,84212100
20210928,2623999,2652133,2553933,2591866,76144200
20210929,2599333,2645000,2568933,2604366,62828700
20210930,2603333,2630433,2583333,2584933,53868000
20211001,2594666,2602600,2545299,2584066,51094200
20211004,2655000,2689899,2587066,2605100,91449900
20211005,2616000,2657699,2580666,2601966,55297800
20211006,2587333,2622200,2577399,2609166,43898400
20211007,2618200,2683333,2611266,2645366,57587400
20211008,2654033,2654599,2603033,2618299,50215800
20211011,2625499,2670799,2618333,2639800,42600900
20211012,2669766,2707733,2655233,2685733,66060000
20211013,2701566,2718033,2685933,2703599,42360300
20211014,2718299,2734166,2711166,2727733,36741600
20211015,2745799,2810700,2741166,2810100,56773800
20211018,2839299,2917533,2838233,2900366,72621600
20211019,2925100,2926499,2875033,2880899,52143300
20211020,2884500,2898299,2857933,2886000,42096300
20211021,2853333,3000000,2851666,2980000,94444500
20211022,2985000,3033333,2969866,3032266,68642400
20211025,3168433,3483399,3147333,3416199,188556300
20211026,3415633,3649800,3338133,3394766,187245000
20211027,3465533,3569599,3435933,3459533,115579500
20211028,3561033,3603333,3513999,3590133,81639600
20211029,3606199,3717366,3577366,3713333,89755200
20211101,3816666,4032500,3728866,4028633,168146100
20211102,3864533,4028633,3820000,3906666,128213400
20211103,3924433,4051300,3842066,4046199,103885500
20211104,4114700,4144966,4056666,4099700,76192200
20211105,4093333,4132900,4026666,4073633,64886400
20211108,3832633,3990000,3776666,3876466,100337100
20211109,3912000,3915000,3371733,3411666,177317400
20211110,3368033,3593666,3291033,3559833,128408100
20211111,3675899,3683233,3515599,3545033,67189800
20211112,3491666,3515000,3397333,3444733,76719300
20211115,3392099,3439933,3262000,3377966,104326800
20211116,3344366,3523999,3340599,3515766,79627200
20211117,3545033,3732133,3518333,3630033,94336200
20211118,3688500,3706666,3583399,3654599,62696700
20211119,3662900,3795733,3642333,3790199,64926900
20211122,3874433,4006499,3774766,3856233,99217500
20211123,3891700,3935000,3542333,3696766,108515100
20211124,3601300,3775899,3540000,3720000,67680600
20211126,3664899,3695933,3603333,3606400,35042700
20211129,3669966,3808900,3667300,3789966,58393500
20211130,3814566,3893333,3726666,3815866,81276000
20211201,3868999,3909466,3635866,3650000,68450400
20211202,3663533,3710000,3522166,3615333,73114800
20211203,3615966,3635266,3334033,3383233,92322000
20211206,3338366,3405466,3168333,3363366,81663000
20211207,3480666,3525566,3422699,3505833,56084700
20211208,3509033,3574599,3443333,3563200,41906400
20211209,3535466,3541633,3341199,3346000,59438400
20211210,3362500,3403266,3275100,3390100,59664300
20211213,3336966,3350000,3171400,3221366,78595500
20211214,3150000,3221366,3100000,3195033,70806300
20211215,3177366,3262500,3094166,3253299,75169200
20211216,3315000,3316600,3072833,3089733,82771500
20211217,3049233,3202200,3030133,3108566,100437300
20211220,3035666,3072300,2977966,2999800,56480100
20211221,3056233,3131666,2953733,3128433,71517900
20211222,3218866,3385533,3190166,3362900,93634200
20211223,3356000,3576600,3325199,3556666,92713200
20211227,3578900,3723333,3569066,3646466,71145900
20211228,3698299,3730000,3594733,3628233,60324000
20211229,3662133,3680000,3547133,3620633,56154000
20211230,3537766,3651833,3510499,3567799,47040900
20211231,3578133,3606666,3515299,3522600,40733700
20220103,3825833,4003566,3786799,3999266,103931400
20220104,3965166,4026666,3743500,3831966,100248300
20220105,3822166,3901133,3603366,3627066,80119800
20220106,3590000,3626666,3401666,3548999,90336600
20220107,3601233,3603099,3366666,3423200,84164700
20220110,3333333,3530333,3266666,3527066,91815000
20220111,3512233,3586166,3462733,3547999,66063300
20220112,3596166,3716133,3575299,3687399,83739000
20220113,3696900,3718666,3421799,3438533,97209900
20220114,3399599,3506666,3377933,3498699,72924300
20220118,3422033,3569299,3386866,3435033,66743400
20220119,3472366,3515566,3316666,3318833,75442500
20220120,3365766,3472200,3313333,3320899,70488600
20220121,3321133,3348500,3135000,3146333,103416000
20220124,3015866,3111700,2838233,3100000,151565700
20220125,3047333,3170866,3010700,3061333,86595900
20220126,3174766,3292300,3020000,3124700,104867400
20220127,3111199,3117966,2763333,2763666,147109500
20220128,2771866,2858333,2640033,2821166,134789100
20220131,2909033,3126633,2873500,3122399,104436000
20220201,3117366,3145666,3016666,3104166,73138200
20220202,3093933,3105000,2964700,3018866,66792900
20220203,2940000,3123333,2935066,2970466,78855600
20220204,2990733,3121666,2937233,3077733,73625400
20220207,3079299,3159233,3009033,3024466,60994500
20220208,3018433,3087633,2982666,3073333,50729100
20220209,3116666,3154233,3066666,3106666,52259400
20220210,3027900,3146033,2988999,3015166,66126900
20220211,3032099,3053200,2835666,2866666,79645800
20220214,2871900,2996266,2843833,2919200,67756500
20220215,3000000,3076666,2977933,3074766,57286200
20220216,3046833,3088099,3004033,3077966,51294300
20220217,3044200,3061666,2913666,2921166,55178400
20220218,2953333,2956233,2792033,2856600,68501700
20220222,2780433,2855766,2670333,2738433,83288100
20220223,2768099,2784333,2535200,2546799,95256900
20220224,2334633,2674933,2333333,2669233,135322200
20220225,2697433,2731666,2607999,2699566,76067700
20220228,2716700,2922866,2715700,2901433,99006900
20220301,2898933,2966266,2845933,2881233,74766900
20220302,2907099,2954933,2814233,2932966,74643300
20220303,2929233,2954800,2775333,2797633,61623600
20220304,2830333,2852166,2750533,2794299,66999600
20220307,2854333,2887133,2681900,2681933,72494100
20220308,2651766,2833299,2607233,2747999,80399100
20220309,2798266,2868533,2773366,2863233,59184000
20220310,2838166,2848166,2701199,2794333,58648500
20220311,2800666,2812666,2645899,2651166,67037100
20220314,2602033,2668999,2520133,2554566,71152200
20220315,2584233,2685233,2521900,2672966,66841200
20220316,2696666,2806666,2674200,2800766,84028800
20220317,2769966,2916666,2752399,2905333,66582900
20220318,2914966,3026166,2891300,3017966,100414200
20220321,3049933,3142833,3023633,3070533,81981600
20220322,3100000,3326199,3072500,3313266,105868500
20220323,3266466,3468999,3254666,3330366,120676200
20220324,3365766,3414966,3296000,3379733,68920800
20220325,3360000,3406000,3324400,3368800,62031600
20220328,3550333,3659599,3512000,3639466,102506100
20220329,3693299,3715899,3577033,3665233,73614900
20220330,3637233,3713166,3613333,3646633,59865000
20220331,3648566,3677133,3588800,3592000,48992700
20220401,3603833,3649166,3555466,3615299,54263100
20220404,3631266,3833033,3575100,3818166,82035900
20220405,3787666,3842900,3624333,3637533,80075100
20220406,3578233,3596666,3425666,3485866,89348400
20220407,3507966,3588633,3405133,3524200,79447200
20220408,3477366,3494800,3408133,3418299,55013700
20220411,3267999,3361566,3248800,3253099,59357100
20220412,3325466,3403966,3255333,3289833,65976000
20220413,3270266,3420799,3243666,3407900,55121100
20220414,3330966,3375700,3273966,3283333,58422300
20220418,3296766,3383066,3244700,3347633,51715200
20220419,3350199,3449800,3317766,3427166,49847700
20220420,3433333,3446666,3250833,3257333,70711200
20220421,3582433,3640733,3321400,3362600,105416400
20220422,3383033,3449500,3313333,3350166,69696600
20220425,3263233,3362066,3251000,3326733,68341200
20220426,3318099,3333333,2916666,2921400,136133700
20220427,2995266,3060000,2924533,2938366,76956300
20220428,2999933,3000000,2738999,2925033,124948500
20220429,3007500,3114666,2900000,2902533,88133100
20220502,2869233,3021199,2826766,3009800,75781500
20220503,3010599,3080266,2961966,3030833,63709500
20220504,3013133,3185000,2950933,3175400,81643800
20220505,3130066,3152000,2858999,2910933,92519100
20220506,2956666,2960000,2810366,2885499,72903000
20220509,2788166,2818766,2603833,2623699,90810300
20220510,2731033,2751199,2580833,2666799,84401700
20220511,2650000,2699233,2423999,2446666,97224600
20220512,2336666,2532200,2266666,2426666,140313000
20220513,2578266,2624500,2505233,2565299,92150700
20220516,2557200,2565866,2396966,2414566,86098500
20220517,2491199,2548266,2429499,2538699,80236200
20220518,2481733,2535000,2336033,2366033,87811800
20220519,2356666,2446666,2313699,2364733,90296700
20220520,2379966,2405266,2110000,2213000,144973200
20220523,2183399,2266533,2126866,2249666,88903500
20220524,2178433,2179733,2068566,2093866,89092500
20220525,2079499,2231066,2076699,2196000,92139300
20220526,2204733,2395566,2178866,2359100,106003200
20220527,2410833,2532666,2401766,2532100,89295000
20220531,2579466,2596000,2447433,2527533,101914500
20220601,2517200,2573266,2436399,2467899,77247900
20220602,2441566,2642099,2420666,2583333,93473100
20220603,2432266,2477966,2334166,2345166,112393800
20220606,2443533,2448666,2343500,2382799,84204600
20220607,2340000,2399966,2300933,2388866,72808500
20220608,2400866,2499633,2391766,2418666,76210500
20220609,2493399,2555466,2393266,2397066,96491400
20220610,2351566,2395000,2279133,2322299,97536600
20220613,2231666,2266333,2146833,2157366,102767400
20220614,2182866,2263300,2117366,2208899,97988700
20220615,2209166,2356633,2181499,2330000,119131800
20220616,2227366,2251666,2086933,2131000,107390700
20220617,2134333,2209700,2131966,2167599,92641800
20220621,2246033,2435766,2243333,2370366,122793000
20220622,2345033,2468333,2338266,2360866,101107500
20220623,2379066,2393166,2286366,2350700,104202600
20220624,2374700,2460666,2360866,2457066,95770800
20220627,2493666,2520700,2425666,2449199,89178300
20220628,2444833,2499700,2323433,2326633,90391200
20220629,2305000,2311733,2222733,2284900,82897200
20220630,2245099,2294566,2188633,2244733,94600500
20220701,2270000,2302299,2221199,2272633,74460300
20220705,2230000,2331466,2161666,2330666,84581100
20220706,2307799,2345633,2271866,2317333,71853600
20220707,2339199,2453633,2322100,2445433,81930600
20220708,2423333,2549799,2411600,2507633,101854200
20220711,2521033,2530633,2336266,2343433,99241200
20220712,2368466,2397733,2283699,2330700,87930900
20220713,2255000,2420599,2250333,2370399,97954500
20220714,2348966,2386533,2293333,2383133,78557400
20220715,2400000,2436233,2368899,2400666,69683100
20220718,2449366,2505166,2396033,2405466,82537500
20220719,2450000,2471399,2369766,2455299,80890200
20220720,2467833,2506633,2434833,2475000,88864200
20220721,2551066,2732666,2548666,2717066,142032300
20220722,2762200,2807866,2707133,2722433,103472700
20220725,2722166,2741466,2673999,2684333,64073400
20220726,2665133,2673099,2562633,2588599,66820800
20220727,2638099,2759266,2617900,2748200,88110000
20220728,2800666,2832999,2727999,2808999,84723000
20220729,2807000,2983200,2791000,2971499,95313000
20220801,3012766,3118766,2950000,2972766,117042900
20220802,2940033,3078333,2926666,3005866,95577600
20220803,3050000,3095499,3011499,3073966,80091000
20220804,3110000,3136066,3050000,3086333,72256200
20220805,3026700,3046066,2855433,2881700,113172900
20220808,2950000,3052000,2890866,2904233,98994000
20220809,2902933,2923966,2793533,2833333,86244600
20220810,2970666,2975100,2833699,2943566,94918800
20220811,2965133,2982366,2858333,2866300,70155000
20220812,2894166,3001600,2850333,3000299,79657200
20220815,3017866,3131333,3012300,3093200,89359200
20220816,3116666,3146666,3028833,3065633,88136400
20220817,3033966,3096566,3000333,3039966,68766000
20220818,3060000,3065000,3018533,3028699,47500500
20220819,2990000,3003599,2925000,2966666,61395300
20220822,2919133,2923999,2862966,2899133,55843200
20220823,2914533,2988266,2879233,2964533,63984900
20220824,2975633,3036466,2965000,2970966,57259800
20220825,3023599,3029599,2916000,2960700,53230000
20220826,2974299,3020000,2874700,2880899,57163900
20220829,2828299,2877399,2807000,2848200,41864700
20220830,2878699,2884800,2726499,2777000,50541800
20220831,2806199,2812500,2718099,2756099,52107300
20220901,2725799,2775799,2661499,2771600,54287000
20220902,2810700,2823500,2690799,2702099,50890100
20220906,2726799,2759899,2657399,2744200,55860000
20220907,2731000,2838399,2722699,2837000,50028900
20220908,2812999,2895000,2797600,2892600,53713100
20220909,2916700,2998500,2912500,2996799,54338100
20220912,3007200,3054899,3003999,3044200,48674600
20220913,2928999,2973999,2903999,2921300,68229600
20220914,2922399,3060000,2916400,3026099,72628700
20220915,3018299,3091199,3007200,3037500,64795500
20220916,2996099,3037099,2956000,3033500,87087800
20220919,3000899,3098399,2977999,3090700,60231200
20220920,3069100,3133299,3055799,3087300,61642800
20220921,3082900,3137999,3006300,3007999,62555700
20220922,2998599,3012900,2858200,2885899,70545400
20220923,2830899,2845000,2728200,2753299,63748400
20220926,2718299,2840899,2703099,2760100,58076900
20220927,2838399,2886700,2775100,2829400,61925200
20220928,2830799,2890000,2775700,2878099,54664800
20220929,2827600,2836499,2657799,2682099,77620600
20220930,2661499,2755700,2624700,2652500,67726600
20221003,2545000,2551600,2410099,2423999,98363500
20221004,2505200,2575000,2420099,2494400,109578500
20221005,2450099,2466699,2332700,2408099,86982700
20221006,2394400,2445800,2353500,2381300,69298400
20221007,2339400,2345700,2220200,2230700,83916800
20221010,2239299,2269900,2183600,2229600,67925000
20221011,2209499,2257500,2150000,2165000,77013200
20221012,2153300,2193000,2115099,2172400,66860700
20221013,2083000,2229900,2062200,2217200,91483000
20221014,2240099,2262599,2041600,2049900,94124500
20221017,2100399,2218600,2094499,2193500,79428800
20221018,2295000,2298200,2172500,2201900,75891900
20221019,2198000,2229299,2177799,2220399,66571500
20221020,2082799,2155500,2020000,2072799,117798100
20221021,2064199,2146600,2038000,2144400,75713800
20221024,2058200,2135000,1985899,2112500,100446800
20221025,2101000,2243500,2100000,2224199,96507900
20221026,2193999,2306000,2181999,2246399,85012500
20221027,2297700,2338099,2228500,2250899,61638800
20221028,2253999,2288600,2163500,2285200,69152400
20221031,2261900,2298500,2219400,2275399,61554300
20221101,2340500,2373999,2272799,2278200,62688800
20221102,2260399,2278699,2148200,2149799,63070300
20221103,2113600,2211999,2101399,2153099,56538800
20221104,2226000,2238000,2030800,2074700,98622200
20221107,2086499,2088999,1966600,1970800,93916500
20221108,1940200,1951999,1867500,1913000,128803400
20221109,1907799,1958899,1771199,1775899,127062700
20221110,1898999,1910000,1800299,1907200,132703000
20221111,1860000,1965200,1825899,1959700,114403600
20221114,1927700,1957299,1863399,1909499,92226600
20221115,1958800,2008200,1920599,1944199,91293800
20221116,1915099,1925700,1856600,1869199,66567600
20221117,1839600,1861600,1808999,1831699,64336000
20221118,1850500,1851900,1765500,1801900,76048900
20221121,1758500,1767700,1675399,1678699,92882700
20221122,1686300,1709199,1661900,1699100,78452300
20221123,1735700,1836199,1725000,1831999,109536700
20221125,1850599,1851999,1806300,1828600,50672700
20221128,1799600,1885000,1790000,1829199,92905200
20221129,1849900,1863800,1787500,1808300,83357100
20221130,1824299,1947599,1806300,1946999,109186400
20221201,1970800,1989199,1918000,1946999,80046200
20221202,1917799,1962500,1911100,1948600,73645900
20221205,1894400,1912700,1805500,1824499,93122700
20221206,1812200,1836499,1753300,1798200,92150800
20221207,1750299,1793800,1722200,1740399,84213300
20221208,1721999,1751999,1690599,1734400,97624500
20221209,1738399,1825000,1733600,1790500,104872300
20221212,1761000,1773699,1675200,1678200,109794500
20221213,1748699,1750500,1569100,1609499,175862700
20221214,1592500,1616199,1553099,1568000,140682300
20221215,1534400,1609299,1532799,1576699,122334500
20221216,1596399,1609900,1500399,1502299,139032200
20221219,1540000,1552500,1458200,1498699,139390600
20221220,1460500,1484700,1376600,1378000,159563300
20221221,1393399,1412599,1358899,1375700,145417400
20221222,1360000,1366300,1222600,1253499,210090300
20221223,1263700,1286199,1210199,1231500,166989700
20221227,1175000,1196699,1087600,1090999,208643400
20221228,1103499,1162699,1082399,1127099,221070500
20221229,1203899,1235699,1175000,1218199,221923300
20221230,1199499,1244800,1197500,1231800,157777300
20230103,1184700,1188000,1046399,1080999,231402800
20230104,1091100,1145899,1075199,1136399,180389000
20230105,1105100,1117500,1071600,1103399,157986300
20230106,1030000,1143899,1018099,1130599,220911100
20230109,1189599,1235199,1171100,1197699,190284000
20230110,1210699,1227600,1149199,1188499,167642500
20230111,1220899,1259499,1205100,1232200,183810800
20230112,1225599,1241299,1170000,1235599,169400900
20230113,1165500,1226299,1155999,1224000,180714100
20230117,1256999,1316999,1250199,1314900,186477000
20230118,1365599,1366799,1270100,1287799,195680300
20230119,1272600,1299900,1243099,1271699,170291900
20230120,1286799,1335099,1273499,1334199,138858100
20230123,1358699,1453800,1342700,1437500,203119200
20230124,1430000,1465000,1411000,1438899,158699100
20230125,1419100,1464100,1380700,1444299,192734300
20230126,1599700,1614199,1547599,1602700,234815100
20230127,1624299,1806799,1611699,1778999,306590600
20230130,1780500,1797700,1665000,1666600,230878800
20230131,1645700,1743000,1627799,1732200,196813500
20230201,1738899,1838099,1699299,1814100,213806300
20230202,1873300,1967500,1826100,1882700,217448300
20230203,1839499,1990000,1836900,1899799,232662000
20230206,1930099,1981699,1899199,1947599,186188100
20230207,1964299,1975000,1895500,1968099,186010300
20230208,1961000,2030000,1943099,2012899,180673600
20230209,2077799,2140000,2047700,2073200,215431400
20230210,2022299,2061999,1928899,1968899,204754100
20230213,1944199,1963000,1876100,1946399,172475500
20230214,1919400,2098200,1894400,2092500,216455700
20230215,2117599,2146600,2061100,2142400,181006400
20230216,2107799,2176499,2018399,2020399,229586500
20230217,1999900,2084400,1975000,2083099,213738500
20230221,2049900,2097100,1972200,1973699,180018600
20230222,1979299,2019900,1917799,2008600,191828500
20230223,2039100,2051399,1963300,2020700,146360000
20230224,1963300,1976699,1928000,1968800,142228100
20230227,2020299,2094199,2012599,2076300,161028300
20230228,2105899,2112299,2037500,2057100,153144900
20230301,2062100,2071999,1985200,2027700,156852800
20230302,1867400,1937500,1860099,1908999,181500700
20230303,1948000,2004799,1928800,1977899,154193300
20230306,1985399,1986000,1923000,1938099,128100100
20230307,1913800,1941999,1861000,1877100,148125800
20230308,1850399,1865000,1800000,1820000,151897800
20230309,1802500,1851799,1725099,1729199,170023800
20230310,1751300,1782899,1684400,1734400,191488900
20230313,1674600,1773500,1639100,1744799,167790300
20230314,1773099,1838000,1771399,1832599,143717900
20230315,1808000,1823399,1760299,1804499,145995600
20230316,1803699,1858099,1788399,1841300,121136800
20230317,1845200,1862200,1773300,1801300,133197100
20230320,1780800,1864400,1763500,1832500,129684400
20230321,1882799,1980000,1880399,1975800,153391400
20230322,1993000,2006600,1909499,1911499,150376400
20230323,1952599,1993099,1886499,1922200,144193900
20230324,1916499,1923600,1871499,1904100,116312400
20230327,1944199,1973899,1899400,1918099,120851600
20230328,1920000,1923500,1854299,1891900,98654600
20230329,1931300,1952899,1894400,1938800,123660000
20230330,1955800,1973300,1944199,1952799,110252200
20230331,1975299,2077899,1971999,2074600,170222100
20230403,1999100,2026900,1921999,1947700,169545900
20230404,1973200,1987400,1903200,1925800,126463800
20230405,1905200,1906799,1837599,1855200,133882500
20230406,1830800,1863899,1797400,1850599,123857900
20230410,1799400,1851000,1761100,1845099,142154600
20230411,1866900,1891900,1856499,1867899,115770900
20230412,1907400,1915800,1803099,1805399,150256300
20230413,1829600,1865000,1809400,1858999,112933000
20230414,1839499,1862799,1820099,1850000,96438700
20230417,1863200,1896900,1826900,1870399,116662200
20230418,1871499,1876900,1835800,1843099,92067000
20230419,1791000,1835000,1776499,1805899,125732700
20230420,1661699,1696999,1605599,1629900,210970800
20230421,1648000,1660000,1613200,1650800,123539000
20230424,1646499,1656499,1586100,1625500,140006600
20230425,1598200,1634700,1587500,1606699,121999300
20230426,1602899,1606699,1531399,1537500,153364100
20230427,1526399,1604799,1523699,1601900,127015200
20230428,1608999,1650000,1573200,1643099,122515800
20230501,1631699,1632799,1588300,1618300,109015000
20230502,1618800,1654900,1589299,1603099,128259700
20230503,1600099,1650000,1599100,1606100,119728000
20230504,1627100,1629499,1596499,1611999,95108500
20230505,1639700,1707899,1635099,1700599,107607300
20230508,1737200,1738000,1691900,1717899,112249400
20230509,1689499,1698200,1665599,1691499,88965000
20230510,1725500,1744299,1666799,1685399,119840700
20230511,1686999,1735700,1667899,1720800,103889900
20230512,1760700,1773800,1672299,1679799,157849600
20230515,1676600,1697599,1645500,1663500,105592500
20230516,1656499,1695200,1643500,1665200,98288800
20230517,1684100,1745000,1671900,1738600,125473600
20230518,1742200,1770599,1724499,1768899,109520300
20230519,1771699,1819499,1763099,1801399,136196700
20230522,1806999,1893200,1801100,1888699,132001400
20230523,1861999,1929600,1852599,1857700,156952100
20230524,1822299,1842200,1782200,1828999,137605100
20230525,1865399,1867799,1805800,1844700,96870700
20230526,1846199,1986000,1845299,1931699,162061500
20230530,2001000,2044799,1975299,2011600,128818700
20230531,1997799,2039499,1951199,2039299,150711700
20230601,2025899,2098000,1993699,2075200,148029900
20230602,2101499,2172500,2097500,2139700,164398400
20230605,2178000,2212899,2145200,2176100,151143100
20230606,2161399,2219100,2125299,2213099,146911600
20230607,2280000,2308300,2231999,2245700,185710800
20230608,2242200,2352299,2230099,2348600,164489700
20230609,2490700,2524199,2420200,2443999,200242400
20230612,2479400,2509700,2445899,2498300,150337900
20230613,2535099,2596799,2513399,2587099,162384300
20230614,2601700,2615700,2505000,2567900,170575500
20230615,2483999,2589500,2472899,2558999,160171200
20230616,2589200,2636000,2572099,2605400,167915600
20230620,2615000,2747500,2611199,2744500,165611200
20230621,2751300,2769899,2577799,2594599,211797100
20230622,2507700,2650000,2482500,2646099,166875900
20230623,2592900,2624500,2528000,2566000,177460800
20230626,2500700,2583699,2406999,2410500,179990600
20230627,2432400,2503899,2408500,2502100,164968200
20230628,2496999,2598800,2488899,2562399,159770800
20230629,2580299,2607399,2536100,2575000,131283400
20230630,2606000,2644500,2598900,2617699,112620800
20230703,2764899,2842500,2751099,2798200,119685900
20230705,2788200,2838500,2776000,2824800,131530900
20230706,2780899,2799700,2728800,2765400,120332100
20230707,2784299,2807799,2737699,2744299,113879200
20230710,2764700,2775199,2651000,2696099,119425400
20230711,2686499,2708999,2663699,2697900,91972400
20230712,2763299,2765199,2714599,2719899,95672100
20230713,2745899,2794500,2706000,2778999,112681500
20230714,2770100,2852999,2763099,2813800,120062400
20230717,2866300,2922300,2835700,2903800,131569600
20230718,2901499,2952600,2860100,2933399,112120300
20230719,2960400,2992900,2895199,2912600,142355400
20230720,2795599,2809299,2612000,2628999,175158300
20230721,2680000,2680000,2558000,2600199,161796100
20230724,2558500,2698500,2541199,2690599,136508500
20230725,2723800,2728999,2650000,2652799,112757300
20230726,2632500,2680400,2617500,2643500,95856200
20230727,2683099,2691300,2553000,2557100,103697300
20230728,2598599,2672500,2582300,2664400,111446000
20230731,2674800,2690799,2637799,2674299,84582200
20230801,2662600,2664700,2602500,2610700,83166000
20230802,2555700,2595199,2504900,2541100,101752900
20230803,2520399,2604899,2520000,2593200,97569100
20230804,2609700,2647699,2531100,2538600,99539900
20230807,2514499,2536499,2427599,2514499,111097900
20230808,2474499,2509199,2450099,2496999,96642200
20230809,2508699,2511000,2418999,2421900,101596300
20230810,2453999,2518000,2430000,2453399,109498600
20230811,2417700,2437899,2380200,2426499,99038600
20230814,2356999,2406600,2337500,2397599,98595300
20230815,2387299,2405000,2326100,2329600,88197600
20230816,2280200,2339700,2253800,2256000,112484500
20230817,2260599,2267400,2188300,2192200,120718400
20230818,2141199,2175800,2123600,2154900,136276600
20230821,2215500,2321300,2205800,2312799,135702700
20230822,2402500,2408200,2295500,2331900,130442800
20230823,2293399,2389799,2292899,2368600,101077600
20230824,2386600,2389199,2281799,2300399,99777400
20230825,2313099,2390000,2303500,2385899,106612200
20230828,2425800,2443800,2353500,2388200,107673700
20230829,2385800,2574800,2377700,2571799,134047600
20230830,2541999,2605100,2505899,2568999,121988400
20230831,2559799,2611799,2550500,2580799,108861700
20230901,2572600,2590799,2420099,2450099,132541600
20230905,2450000,2580000,2448600,2564899,129469600
20230906,2551399,2553899,2450599,2519199,116959800
20230907,2450700,2528099,2432700,2514900,115312900
20230908,2512200,2565199,2466699,2485000,118367700
20230911,2642699,2748500,2606099,2735799,174667900
20230912,2707600,2783900,2666000,2674800,135999900
20230913,2700700,2749800,2681000,2712999,111673700
20230914,2713200,2767099,2704200,2760400,107709800
20230915,2775499,2789800,2710000,2743900,133692300
20230918,2711600,2714400,2637600,2652799,101543300
20230919,2643500,2678500,2612000,2665000,103704000
20230920,2670400,2739299,2624599,2625899,122514600
20230921,2578500,2608599,2542100,2556999,119951500
20230922,2573999,2577900,2444799,2448800,127524100
20230925,2433800,2471000,2383099,2469900,104636600
20230926,2429799,2495500,2416600,2441199,101993600
20230927,2442599,2453300,2345800,2405000,136597200
20230928,2400200,2475500,2386499,2463800,117058900
20230929,2500000,2547700,2463500,2502200,128522700
20231002,2448099,2542799,2426199,2516000,123810400
20231003,2486100,2500200,2444499,2465299,101985300
20231004,2481399,2618599,2476000,2611600,129721600
20231005,2600000,2636000,2562500,2600499,119159200
20231006,2539799,2616499,2506499,2605299,118121800
20231009,2553099,2613599,2520500,2596700,101377900
20231010,2577500,2689400,2576499,2636199,122656000
20231011,2662000,2686000,2608999,2629899,103706300
20231012,2629200,2654100,2566300,2588699,111508100
20231013,2588999,2596000,2502200,2511199,102073800
20231016,2500500,2553999,2484799,2539199,88917200
20231017,2501000,2571799,2470800,2548500,93562900
20231018,2526999,2546300,2420800,2426799,125147800
20231019,2259499,2306100,2167799,2201100,170772700
20231020,2170099,2188600,2104199,2119900,138010100
20231023,2100000,2169799,2025099,2120800,150683400
20231024,2165000,2220500,2141100,2165200,118231100
20231025,2158800,2201000,2121999,2124199,107065100
20231026,2113200,2148000,2048800,2057599,115112600
20231027,2106000,2124100,2057700,2073000,94881200
20231030,2092799,2108800,1946699,1973600,136448200
20231031,1961199,2028000,1940700,2008399,118068300
20231101,2040399,2059900,1978500,2056600,121661700
20231102,2129700,2191999,2114499,2185099,125987600
20231103,2211499,2263699,2183999,2199600,119534800
20231106,2239799,2263200,2150000,2192700,117335800
20231107,2199799,2231199,2157200,2221799,116900100
20231108,2231499,2241499,2176399,2221100,106584800
20231109,2197500,2208000,2066799,2099799,142110500
20231110,2100299,2153800,2056900,2146499,130994000
20231113,2156000,2253999,2116100,2237100,140447600
20231114,2350299,2381399,2307200,2374100,149771600
20231115,2392899,2466999,2364499,2428399,150354000
20231116,2394900,2408800,2309600,2335899,136816800
20231117,2320000,2373899,2265399,2343000,142532800
20231120,2340399,2371000,2310200,2356000,116320100
20231121,2350399,2436199,2333399,2411999,122288000
20231122,2420399,2440099,2313999,2342100,117950600
20231124,2337500,2387500,2323300,2354499,65125200
20231127,2368899,2383300,2321000,2360800,112031800
20231128,2366799,2470000,2340099,2467200,148549900
20231129,2492100,2527500,2427599,2441399,135401300
20231130,2451399,2452200,2369100,2400800,132353200
20231201,2331399,2401900,2318999,2388300,121331700
20231204,2357500,2393699,2332899,2355800,104099800
20231205,2338699,2466600,2336999,2387200,137971100
20231206,2429199,2465700,2391699,2393699,126436200
20231207,2415500,2440800,2369799,2426399,107142300
20231208,2402700,2452700,2392700,2438399,103126800
20231211,2427400,2434400,2374499,2397400,97913900
20231212,2385500,2389900,2338699,2370099,95328300
20231213,2341900,2403000,2281999,2392899,146286300
20231214,2412200,2538800,2407899,2510500,160829200
20231215,2512100,2541300,2483000,2535000,135932800
20231218,2537799,2587399,2513600,2520800,116416500
20231219,2534799,2583399,2530099,2572200,106737400
20231220,2564100,2598399,2470000,2471399,125097000
20231221,2518999,2548000,2485500,2545000,109594200
20231222,2567600,2582200,2513699,2525399,93370100
20231226,2544900,2579700,2529100,2566099,86892400
20231227,2583500,2633399,2575199,2614400,106494400
20231228,2636600,2651300,2527100,2531799,113619900
20231229,2551000,2551900,2474299,2484799,100891600
20240102,2500800,2512500,2444100,2484199,104654200
20240103,2449799,2456799,2363200,2384499,121082600
20240104,2392500,2426999,2377299,2379299,102629300
20240105,2368600,2401199,2348999,2374900,92488900
20240108,2361399,2412500,2353000,2404499,85166600
20240109,2381100,2389600,2320399,2349600,96705700
20240110,2351000,2355000,2312899,2339400,91628500
20240111,2305700,2309299,2253699,2272200,105873600
20240112,2200800,2253399,2171499,2188899,123043800
20240116,2151000,2234900,2121799,2199100,115355000
20240117,2148600,2156699,2120099,2155500,103164400
20240118,2168800,2174499,2087400,2118800,108595400
20240119,2099900,2131900,2075599,2121900,102260300
20240122,2122599,2178000,2062700,2088000,117952500
20240123,2113000,2156499,2077500,2091399,106605900
20240124,2118800,2127299,2067700,2078300,123369900
20240125,1896999,1930000,1800599,1826300,198076800
20240126,1855000,1867799,1821000,1832500,107343200
20240129,1856300,1914799,1836699,1909299,125013100
20240130,1953300,1963600,1906100,1915899,109982300
20240131,1870000,1939700,1858500,1872899,103221400
20240201,1885000,1898800,1842799,1888600,91843300
20240202,1850399,1886900,1820000,1879100,110612700
20240205,1842599,1846799,1750099,1810599,134294400
20240206,1772100,1864900,1771100,1851000,122676000
20240207,1881799,1897899,1826799,1875800,111535200
20240208,1890000,1916199,1855800,1895599,83034000
20240209,1901799,1941199,1894799,1935700,84476300
20240212,1921100,1947299,1872799,1881300,95498600
20240213,1839900,1872599,1821100,1840200,86759500
20240214,1853000,1888899,1833500,1887100,81203000
20240215,1891600,2008800,1888600,2004499,120831800
20240216,2020599,2031699,1973999,1999499,111346700
20240220,1961300,1986000,1891300,1937599,104545800
20240221,1933600,1994400,1919499,1947700,103500300
20240222,1940000,1983200,1913600,1974100,92739500
20240223,1953099,1975700,1915000,1919700,78841900
20240226,1922899,2017799,1920000,1993999,111747100
20240227,2040399,2056000,1982599,1997299,108645400
20240228,2004199,2053000,1984400,2020399,99806200
20240229,2041799,2052799,1984499,2018800,85907000
20240301,2005200,2045200,1985000,2026399,82243100
20240304,1987299,1997500,1867200,1881399,134334900
20240305,1830500,1845899,1775700,1807400,119660800
20240306,1799900,1815800,1736999,1765399,107920900
20240307,1743500,1800399,1736999,1786499,102129000
20240308,1815000,1827299,1746999,1753399,85544600
20240311,1754499,1828699,1748000,1777700,85391500
20240312,1777700,1794299,1724100,1775399,87391700
20240313,1730500,1760500,1691499,1694799,106524500
20240314,1677700,1711699,1605099,1625000,126325700
20240315,1631600,1651799,1607599,1635700,97146800
20240318,1700200,1747200,1658999,1738000,108214400
20240319,1723600,1728200,1674199,1713200,77271400
20240320,1730000,1762500,1708200,1756600,83846700
20240321,1763899,1781799,1718000,1728200,73178000
20240322,1666900,1711999,1663000,1708300,75580600
20240325,1687599,1752400,1687299,1726300,74228600
20240326,1785800,1842500,1773800,1776699,113186200
20240327,1814100,1819100,1760000,1798300,81804000
20240328,1774499,1795700,1753000,1757899,77654800
20240401,1761699,1767500,1702100,1752200,81562100
20240402,1647500,1676900,1634299,1666300,116650600
20240403,1640200,1688200,1632799,1683800,82950100
20240404,1700700,1771900,1680099,1711100,123162000
20240405,1690800,1708600,1605099,1648999,143157600
20240408,1693399,1745000,1677899,1729799,104423300
20240409,1729100,1792200,1719199,1768800,102951700
20240410,1730399,1749299,1700099,1717599,84532400
20240411,1725500,1758800,1685099,1746000,94516000
20240412,1723399,1738099,1703600,1710500,64722700
20240415,1702400,1706900,1613800,1614799,100245300
20240416,1567400,1581900,1537500,1571100,97000000
20240417,1576399,1583300,1537799,1554499,82439700
20240418,1512500,1521999,1486999,1499299,96098800
20240419,1489700,1509400,1462200,1470500,87074500
20240422,1405599,1444400,1388000,1420500,107097600
20240423,1433300,1472599,1411100,1446799,124545100
20240424,1628399,1679700,1575099,1621300,181178000
20240425,1589600,1708800,1583600,1701799,126427500
20240426,1688500,1721199,1663699,1682899,109815700
20240429,1884199,1988699,1845399,1940500,243869700
20240430,1869799,1909499,1828399,1832799,127031800
20240501,1820000,1858600,1790099,1799900,92829700
20240502,1828600,1846000,1760200,1800099,89148000
20240503,1821000,1847799,1784199,1811900,75491500
20240506,1838000,1875599,1821999,1847599,84390300
20240507,1823999,1832599,1773999,1778099,75045900
20240508,1715899,1760599,1701499,1747200,79969500
20240509,1750099,1756199,1713699,1719700,65950300
20240510,1730500,1730599,1677500,1684700,72627200
20240513,1700000,1753999,1690000,1718899,67018900
20240514,1745000,1794900,1740700,1775500,86407400
20240515,1798999,1800000,1731100,1739900,79663000
20240516,1741000,1757899,1714299,1748399,59812200
20240517,1735500,1796300,1727500,1774600,77445800
20240520,1775599,1777500,1735200,1749499,61727400
20240521,1755099,1868800,1747100,1866000,115266500
20240522,1828500,1838000,1781199,1801100,88313500
20240523,1818000,1818999,1732599,1737400,71975500
20240524,1748399,1800800,1737299,1792400,65584500
20240528,1763999,1782500,1731600,1767500,59736600
20240529,1741900,1781499,1739299,1761900,54782600
20240530,1785800,1826699,1753800,1787899,77618400
20240531,1785000,1803200,1738200,1780800,67314600
20240603,1781300,1826399,1744900,1762899,68568900
20240604,1747799,1777599,1740000,1747700,60056300
20240605,1753500,1761499,1721300,1750000,57953800
20240606,1746000,1797299,1727299,1779400,69887000
20240607,1761300,1793500,1755800,1774799,56244900
20240610,1760599,1785700,1731699,1737899,50774600
20240611,1739199,1747500,1674100,1706600,64761900
20240612,1711199,1805500,1698000,1772899,90389400
20240613,1883899,1910800,1812299,1824700,118984100
20240614,1858000,1860000,1769199,1780099,82038200
20240617,1779199,1888099,1770000,1874400,109786100
20240618,1865599,1871999,1823699,1848600,68982300
20240620,1846799,1852100,1796600,1815700,55893100
20240621,1823000,1839499,1806900,1830099,61937300
20240624,1849700,1888000,1825500,1825800,61992100
20240625,1843999,1879700,1820099,1873500,62905700
20240626,1865399,1977599,1863600,1963699,95737100
20240627,1951699,1987200,1940500,1974199,72746500
20240628,1995500,2031999,1952599,1978800,95438100
20240701,2010200,2132299,2008500,2098600,135691400
20240702,2188899,2313000,2180599,2312599,205047900
20240703,2345599,2483500,2342500,2463899,166561500
20240705,2498099,2523699,2424600,2515200,154501200
20240708,2477100,2594400,2445700,2529400,157219600
20240709,2510000,2656099,2503000,2623299,160210900
20240710,2627999,2675899,2578599,2632600,128519400
20240711,2632999,2710000,2396499,2410299,221707300
20240712,2358000,2518399,2330899,2482299,155955800
20240715,2559700,2656000,2517299,2526399,146912900
20240716,2553099,2586199,2458000,2565599,126332500
20240717,2527299,2584700,2461799,2485000,115584800
20240718,2510899,2571400,2471999,2492299,110869000
20240719,2477899,2494400,2368300,2391999,87403900
20240722,2442100,2532100,2437500,2515099,101225400
20240723,2536000,2557599,2456300,2463800,111928200
20240724,2254199,2259900,2147100,2159900,167942900
20240725,2168000,2260000,2162299,2202500,100636500
20240726,2211900,2222799,2153300,2198000,94604100
20240729,2248999,2342700,2246999,2321000,129201800
20240730,2322500,2324100,2200000,2226199,100560300
20240731,2278999,2346799,2267899,2320700,67497000
20240801,2276900,2318699,2143300,2168600,83861900
20240802,2148800,2161300,2057799,2076699,82880100
20240805,1852200,2038800,1820000,1988800,100308800
20240806,2007500,2028999,1926699,2006399,73783900
20240807,2007700,2034900,1914799,1917599,71159800
20240808,1956999,2006999,1920399,1988399,65033900
20240809,1970500,2008800,1951100,2000000,58648300
20240812,1990200,1992599,1946699,1974900,64044900
20240813,1984700,2084900,1970599,2078300,76247400
20240814,2073899,2084400,1987500,2013800,70250000
20240815,2050200,2158800,2048200,2141399,89848500
20240816,2111499,2198000,2108000,2161199,88765100
20240819,2170700,2229799,2140899,2227200,76435200
20240820,2248800,2282200,2195599,2211000,74001200
20240821,2226699,2246600,2188600,2232700,70146000
20240822,2238200,2248000,2103200,2106600,79514500
20240823,2144600,2214799,2142100,2203200,81525200
20240826,2187500,2190899,2110099,2132100,59301200
20240827,2132500,2156600,2069400,2092100,62821400
20240828,2097200,2118399,2025899,2057500,64116400
20240829,2098000,2148899,2059700,2062799,62308800
20240830,2086300,2145700,2070299,2141100,63370600
20240903,2152599,2198999,2096399,2106000,76714200
20240904,2105899,2222200,2105700,2194100,80651800
20240905,2234900,2350000,2222500,2301699,119355000
20240906,2326000,2336000,2105099,2107299,112177000
20240909,2161999,2198699,2136699,2162700,67443500
20240910,2200700,2263999,2186399,2261699,78891100
20240911,2245500,2284700,2168000,2281300,83548600
20240912,2246600,2314499,2238300,2298099,71894900
20240913,2280000,2326699,2263200,2302899,59515100
20240916,2293000,2299600,2235299,2267799,54323000
20240917,2294499,2345700,2265500,2278699,66761600
20240918,2300899,2356799,2268800,2271999,78010200
